Submission ID,Title,Author,Created UTC,Score
1oipxss,"Vietnamese baguette is superior to the original French baguette.","johnnyjohny1950",1761696478.0,2
1oipti4,"Finally found the inspiration","domusaureatx",1761696170.0,4
1oiprye,"Cooking Fresh Pasta without a stove","wonderland1995",1761696063.0,2
1oipg0v,"olivia at camila mendes' engagement partyü§≠","chaetao",1761695207.0,101
1oip2sr,"First time trying these and they are soooo good","free_airfreshener",1761694264.0,9
1oiorez,"Finally found a sub bread recipe with subway-like softness!!","jjrandall",1761693487.0,15
1oiohkl,"Does Smosh have a discord?","Green-Ad99",1761692811.0,2
1oiogac,"Question about smoshs guinness video","Thegamingmist",1761692726.0,6
1oio5fm,"Chubby (and slightly malformed) Italian sesame-seeded loaf","amolloy",1761691968.0,7
1oin1jr,"How would a restaurant prepare a tender juicy pork steak from a porkbutt?","westne73",1761689256.0,4
1oimyu3,"Meet My First Ever Sourdough Loaf + My Lop Eared Bunniesüê∞üçû","Pabicoon",1761689082.0,17
1oimq0l,"HURRRY WHAT EPISDE OF TNTL IS GAY AIRPORT","Gregor-Samsa-1915",1761688501.0,12
1oimo91,"Tomato Focaccia loaf.","IKneadPhotography",1761688381.0,4
1oimi07,"Cinnamon roll brown sugar focaccia","Ccameraa",1761687973.0,43
1oimc2m,"New formula?","sockson_andoff",1761687595.0,6
1oimbit,"Pickle Pistachios","Excellent_Regret4141",1761687558.0,15
1oimaqg,"Lore Suggestion: Wet Harmonica Man is Sarah Christ‚Äôs ex-husband","Zealousideal-Lie-109",1761687514.0,2
1oilqso,"Are there any downsides to hybrid sourdough bread?","frostmas",1761686200.0,5
1oiln5v,"Tried making shokupan (milk bread)","Supmah2007",1761685959.0,0
1oilegy,"Wet middle","sjwillis1",1761685389.0,1
1oilc8d,"Scarin' me.","uncomfy_bean",1761685251.0,5
1oilau8,"Who is your fav duo?","NorthTree8296",1761685164.0,23
1oil9n8,"Making breads at home‚Ä¶.. how I stop my family from stealing the breads as soon as they are out of the oven??","Level-Giraffe-352",1761685088.0,245
1oikih9,"With The Herman Project, home bakers become citizen scientists","National-Medium872",1761683371.0,1
1oika4j,"Whole Jumbo Pickle Recommendations?","baby___yoda____",1761682843.0,3
1oika0w,"""Over The Topp"" - I forgot I was sitting on this poster I did","Squatting_Buffalo",1761682838.0,243
1oik8ie,"Sourdough Chocolate Babka","PaceEBene84",1761682743.0,63
1oijtck,"If you combine Damien and Courtney, you get 1 dog","GoodGrables",1761681790.0,28
1oijeea,"First dutch oven boule. And‚Ä¶","Kerberoshound666",1761680860.0,9
1oij1h5,"Mold or flour","Arysisa",1761680044.0,1
1oij0c1,"I made the Unicorn in Captivity tapestry on focaccia","Zestyclose-Many9902",1761679970.0,2339
1oiiv4j,"These look a little crazy, but they were really good!","IsMayoAnInstrument67",1761679637.0,32
1oiisqr,"Dupe for cream of mushroom soup?","Rabeque",1761679486.0,0
1oiibdm,"My first ever loaf! Asiago-crusted skillet bread","elfylucille92",1761678356.0,8
1oiianx,"Tomorrow, Shortney & Trevrasha hunt ghosts (Phasmophobia) üëª","Cchaps97",1761678312.0,1535
1oii9ao,"Rational Icombi Classic","Expensive-Pop1515",1761678224.0,1
1oii4rg,"Rate my first sourdough bread","FunFail6565",1761677948.0,6
1oihzux,"Let‚Äôs get some lighters in the sky for our boy Sweaty Harmonica Guy üïØÔ∏èüïäÔ∏è","tonioboi",1761677638.0,75
1oihtp9,"Thick fat layer from bone broth: how to render?","rainbow-lapis",1761677237.0,5
1oihclv,"Lunch pt 3","Educational-Camera43",1761676173.0,7
1oih8sh,"Homemade Burgers Dinner with huge pickles","laterdude",1761675927.0,5
1oih15b,"We started baking sourdough at home back in 2010 and grew it into a full bakery that was doing over a thousand loaves a day. Now we‚Äôre traveling the world with our two kids and our sourdough starter, Gandalf. AMA about life as bakers, running a bakery, or keeping a starter alive across continents!","sourdoughlifestyle",1761675443.0,31
1oigvtn,"Never knew the joys of pulling off good bread until I learned how to make an ear!","The_Wettest_Noodle",1761675111.0,6
1oigsar,"My first sourdough and my own starter","KMGomz",1761674892.0,21
1oigqz4,"Why do people cut into the middle of a loaf?","abstract_lemons",1761674809.0,56
1oig0f1,"Never knew the joys of pulling off good bread until I learned how to make an ear!","The_Wettest_Noodle",1761673184.0,14
1oifws0,"My First Challah ü•≤ and I‚Äôm obsessed","Salty_Plantain_6220",1761672957.0,264
1oif92x,"How to remove bran from wheat berries but leave germ intact","counwovja0385skje",1761671501.0,3
1oif3ro,"My batches of pickled cucumber, green tomato and spicy green beans","tremorly",1761671180.0,25
1oiezr8,"Try Not To Laugh Challenge #177 ft. Drew Gooden","Cchaps97",1761670930.0,133
1oietti,"Quick 12 hours bread","k5pr312",1761670567.0,18
1oieto4,"This trio! <3","Jimmy_mo_",1761670557.0,558
1oiebua,"Do you think we're gonna see more spooky content coming up? I've been so excited for all the Halloween themed episodes üò≠üéÉü¶á I wonder if they'll do a haunted house again? ü§îüòä","HeyHayles7",1761669466.0,17
1oie41u,"Milk powder","Dangerous_Map7014",1761668994.0,0
1oidzhd,"Freezing dry brined chicken","worktheclint",1761668712.0,3
1oidye5,"I hate Smosh Halloween","marleyross401",1761668648.0,39
1oidd4h,"Womp womp - any ideas?","hmariejudge",1761667343.0,3
1oidc8d,"Popeyes pickle lemonade replacement","tattoolvr2003",1761667292.0,7
1oicy5j,"Chocolate creme mousseline - when to incorporate chocolate to avoid splitting?","CremeBerlinoise",1761666428.0,1
1oic9w7,"Hot Chocolate stations for a lot of people?","MarkAldrichIsMe",1761664919.0,38
1oibzn6,"PLEASE MAKE SMOSH PLAY ""NO, I AM NOT HUMAN"" PLEASE","uhhhidkwhatusername",1761664260.0,110
1oibnl4,"What am I doing wrong?","Justuntilforever",1761663508.0,0
1oial7q,"Turned out pretty good I think, regular oven at 240c. Put some water on the tray at the beginning.","generally-speaking",1761661026.0,5
1oia9ri,"Bread crust gets gummy after few hours or sooner if wrapped","tegridyproduce",1761660286.0,0
1oi9rv9,"almost late to making bread for the week üòÖ","evillalafell",1761659109.0,31
1oi8wio,"Can I do a lemonade sugar extraction with honey instead of regular sugar?","cookies_and_crack",1761656913.0,12
1oi9euw,"Cheese bomb üí£","OutrageousDot7353",1761658234.0,30
1oi9dbl,"Ears!","BroodyMcDrunk",1761658131.0,5
1oi9d1f,"Crispy chicken","mycrazyfood2025",1761658113.0,0
1oi939p,"How do I keep oven fries crispy?","ChienTrannnnn",1761657419.0,3
1oi8jo8,"Best Pre-Made Pickling Spices","Iammyown404error",1761655961.0,2
1oi8ist,"FINALLY got a good sourdough loaf!!","Wreckit-Jon",1761655896.0,90
1oi7vss,"How can I make my focaccia crispy?","jdg_idk",1761654171.0,3
1oi7qml,"Irish White PAN Bread","Forsaken_Title_930",1761653766.0,1
1oi7eud,"Does anyone else talk to themselves while watching Smosh Mouth, like they're in the video/in on the conversation?","Alternative_River141",1761652830.0,37
1oi773y,"May I be vulnerable for a sec‚ÄîI am Ben Wyatt and The Chosen is my Lil Sebastian","No-Wallaby-7751",1761652193.0,131
1oi6im6,"Homemade pickles gone bad","mihandos",1761650028.0,0
1oi613l,"Which dutch oven to get for baking?","generally-speaking",1761648401.0,3
1oi5n5o,"Hello, I am new to baking bread, anyone have any idea why mine didnt rise that much?","TheFlagMaker",1761647054.0,91
1oi5gqx,"trying to track the cards in thats not a hat","Hour_Ad_1960",1761646421.0,40
1oi5drk,"that‚Äôs it that‚Äôs the post","Confident_Mammoth_55",1761646120.0,55
1oi4q3x,"Can anyone help remind me of the name of the game Shayne or Courtney mentioned recently?","afanoferi",1761643570.0,1
1oi45uk,"Morning loaf.","Sensitive_Rule_2316",1761641226.0,29
1oi44s1,"Trying some fun scoring patterns on this loaf.","Sensitive_Rule_2316",1761641097.0,9
1oi42co,"Tuesday therapy. Or it is? ü•≤","CherrPerr",1761640816.0,69
1oi3vtk,"Scary Halloween Bread!","definistrate1ster",1761640032.0,35
1oi3l2y,"Any love for these? No sugar, all flavour!","Tasty_Event_7721",1761638786.0,17
1oi3jcp,"Why is the logo of this sub off-centered?","royalneonbird",1761638580.0,181
1oi3iaw,"skinny artisan bread!! üíó","cIoudthedog",1761638458.0,4
1oi2k5y,"Extra ticket for Smosh Presents: We‚Äôre All Gonna Die on TUESDAY, OCT 28, 2025, 7:30 PM","ilovdogzz",1761634483.0,8
1oi1zrb,"What's the point of resting bread after baking?","FlarePikaa",1761632182.0,0
1oi1zay,"r/Cornbread","Salt-Strike-6918",1761632134.0,1
1oi1ll6,"Pumpkin shaped sourdough üéÉ","Punch01coral",1761630630.0,3
1oi1l3l,"i bought this dome on a whim and now i can‚Äôt stop making bread","Demjin4",1761630578.0,30
1oi1jhh,"Spencer: ""I wish I was riding it.""","brningpyre",1761630404.0,86
1oi18e9,"Cinnamon and chocolate Conchas","meesh-lars",1761629223.0,18
1oi122y,"Painted my pumpkin inspired by Courtney's painting of a slay shrimp from one of their streams in August 2024 <3","Yvie0_0",1761628559.0,102
1oi10t7,"Big Book of Bread Bake Along Wk 1","pangolin_of_fortune",1761628432.0,1
1oi0fk5,"Is this 5qt cast iron braiser deep enough for sourdough?","Sure_Pilot5110",1761626286.0,1
1oi0f0w,"Hoagie rolls baked in a 30 year old rundown gas oven vs. brand new electric oven","TurrettiniPizza",1761626232.0,585
1oi081z,"Compulsive baker","bread__obsessed",1761625547.0,93
1oi06o6,"I hate the Sarah Christ bit","Solid-Reindeer9088",1761625414.0,0
1ohzuki,"Watching croissant rise in oven is like watching plant grow time lapse video on discovery channel :)","According_Taste9586",1761624265.0,6
1ohzfan,"Sourdough Pepperoni Pizza","KLSFishing",1761622899.0,37
1ohz9qa,"Dosa batter","Busy_Temperature_111",1761622405.0,3
1ohz15e,"Idiot proof bread recipes?","Knubinator",1761621666.0,1
1ohyqey,"Not perfect, but i‚Äôm pretty proud i learned to make bread this good from just three ingredients for my family every week","PaceEBene84",1761620740.0,292
1ohymet,"Morning breakfast as different","mycrazyfood2025",1761620415.0,0
1ohylcw,"First Focaccia loafs ever","Rifle_Goober",1761620330.0,13
1ohyfut,"fresh baked bread","user100372",1761619874.0,19
1ohxygy,"Had a crazy unrealistic idea that I can‚Äôt stop thinking about","AcademicAmbassador10",1761618454.0,19
1ohxqe2,"Best yeast rolls ever!","cyslittlegirl",1761617809.0,2
1ohx99s,"Claussen Deli vs Regular Spears Difference?","einkleindatagal",1761616448.0,2
1ohx8eq,"Beloved Detroit style pizza","ItsCheesyGood",1761616373.0,77
1ohx7ks,"First time making bread. Its jalape√±o and cheddar","Chaotic_Incarnate",1761616307.0,9
1ohx55o,"Second loaf tried to make a brioche","Future-Original-2902",1761616119.0,14
1ohwgey,"Shayne had previously read SCP 1733, the NBA recording, exactly 4 years ago (October 27, 2021) on Twitch.","GeneralGinyu",1761614186.0,134
1ohwgjo,"home made pickles","krissibabyxo",1761614195.0,23
1ohw54m,"Where‚Äôs the news???","AdSouth4847",1761613314.0,24
1ohw0x9,"Wrist check alert‚åöÔ∏èü´°","KoolKucumber23",1761612995.0,19
1ohvnsb,"Pickle Martini with Old Bay rim ‚ÄúOC Pickle‚Äù","talkingtoawall710",1761612004.0,182
1ohv65y,"Breadsticks (500g Flour, 57% Hydration)","FaithKneaded",1761610643.0,69
1ohv4r4,"Cottage bakery oven investment help","namastayk8",1761610532.0,1
1ohu5lq,"Shayne‚Äôs appearance in the SmoshCast video today marks his 200th video appearance in 2025!","CandidMushroom3712",1761607959.0,4012
1ohtzy3,"Garlic cheesy bread","Any_Ad1923",1761607548.0,9
1ohtv8h,"Homemade pickle success","partycurl",1761607216.0,11
1ohtiyk,"Cornbread","johnnyjohny1950",1761606354.0,6
1ohszjz,"did I kill my starter?","RamenHairedChild",1761605025.0,0
1ohsm7y,"Rendering pork fat","cathyma24",1761604094.0,2
1ohscye,"Reduced apple cider past syrup to an almost soft ball stage consistency, will it still mix into cookie dough?","blindsidesonny",1761603458.0,8
1ohs6d3,"DD tshirt stitching issue - UPDATE","Evadenly",1761603018.0,176
1ohryl4,"I changed my bitmoji for halloween to my favorite smosh character","jets47385",1761602482.0,5
1ohrxrs,"List of Games","pizzaaddict01",1761602432.0,4
1ohrkb7,"My husband dressed as The Chosen for a Halloween party!","bting93",1761601529.0,284
1ohri7y,"First Dutch oven loaf!! Can‚Äôt believe how well it turned out üôå","tJR3232",1761601385.0,81
1ohr4uw,"Sourdough Bread(With Figs & Cream Cheese)","Zealousideal_Force_0",1761600518.0,5
1ohr4aj,"Mascarpone substitute (mac & cheese)","VoulKanon",1761600481.0,2
1ohr43y,"üòÇ","Traditional_Half7328",1761600468.0,36
1ohqtb8,"Can I simmer tomato sauce all day in an 18/10 stock pot?","jcnlb",1761599779.0,8
1ohqg9t,"Rye bread","RoninKillz",1761598931.0,38
1ohpa11,"Smoshcast creepypasta episodes","max__woo",1761596245.0,10
1ohp8d4,"Sourdough hoagie rolls","TurrettiniPizza",1761596141.0,90
1ohopaf,"Help Help Please","CramIt2006",1761594969.0,1
1ohomru,"Cinnamon rolls","Pizzasloot714",1761594819.0,30
1ohocso,"How can I make cornbread in a standard loaf pan?","kittykat-brat",1761594194.0,1
1oho979,"Everybody start digging into Drew's past. It's up to us to keep the Smosh Curse alive.","landongolds",1761593966.0,0
1ohntea,"Halloween Assumptions with Ethan Nestor on Wednesday!","Cchaps97",1761592953.0,229
1ohnsof,"Drew Gooden on TNTL Tomorrow!","Cchaps97",1761592906.0,1709
1ohng6q,"Well this one isn‚Äôt too bad","Livingwithafire777",1761592136.0,17
1ohmtqt,"Iykyküò≠","iahmbt",1761590746.0,295
1ohmr8a,"My first ever puff pastry turned out to be otherwordly UGLY but very delicious at least.","Fairy2play",1761590594.0,32
1ohmk3d,"Illustrating a generational difference in the 'Acting Out The Best Internet Drama' video, in one image","ReddsionThing",1761590155.0,1618
1ohmcnv,"Preparing for my first home milled loaf","PastyMcClamerson",1761589669.0,1
1ohmb69,"Fougasse","Ill_Ambassador_6432",1761589580.0,45
1ohm90v,"Any ideas why my playdough looks like it has cellulite?","this__user",1761589446.0,0
1ohlttc,"First meme","jets47385",1761588510.0,197
1ohls0t,"Beef pot pie with bison","Maker-of-the-Things",1761588401.0,3
1ohle3o,"My first two breads! Yeast and Pumpernickel","WinterWick",1761587572.0,1
1ohi9mm,"no luck with parchment bags to cook meat/fish","OllieBear2023",1761580671.0,5
1ohkorg,"Horror books","No_Show_3176",1761586011.0,5
1ohkjj5,"Yeast Question","Emotional-Gur5680",1761585692.0,5
1ohk6fc,"Smells like pickles","aniarchy42",1761584903.0,5
1ohk5u6,"What causes and how to avoid Sichuan pepper 'Salty Tongue' effect?","MutedFeeling75",1761584868.0,0
1ohk3ts,"Today's Smosh Mouth","96_franny",1761584741.0,30
1ohjpvv,"What is a jar rice cooker","VintageJan",1761583877.0,0
1ohjklk,"Kneaded this for 30 minutes and it still is sticky and im not sure its even done","Any_Rise_5522",1761583554.0,6
1ohjdj0,"How do I make the thick flaps of scrambled egg?","Timtronic125",1761583126.0,35
1ohj6pq,"Help! Water pooling in dough tray","Thad1738",1761582699.0,1
1ohinkd,"New fans","Pripii",1761581521.0,43
1ohidns,"Probably my fav smosh mouth episode üéÖ","Think_Connection_971",1761580914.0,13
1ohicxj,"Let's Read Some Scary Stories | Smosh Mouth 116","Cchaps97",1761580870.0,121
1ohhlne,"Same energy‚Äîdifferent eras","Jimmy_mo_",1761579171.0,1321
1ohhfor,"My first bread made in a Dutch oven","kurlbik999",1761578798.0,34
1ohhfk7,"A moment without context, but with subtitles and Dami-Anne Haasway 167","JamesDaFrank",1761578790.0,3
1ohhah0,"Incredible Angela Quote","SnackAndSlash",1761578475.0,2206
1ohh5km,"is there anyone out there who genuinely likes the butt (end piece/heel) of the bread loaf ?","ruinsofsilver",1761578174.0,75
1ohgrvd,"Need help baking a breakfast bread for potluck","CoriWhy",1761577326.0,1
1ohg8q7,"[OC] The Bystander is Everywhere!","Good-Sale900",1761576131.0,294
1ohg65y,"Some sweet sourdough experiments","_astro01",1761575968.0,4
1ohg3kd,"Thanks!","YeePas",1761575798.0,43
1ohfhtn,"After 6 month practice, sharing my croissant recipe and answer questions :)","According_Taste9586",1761574365.0,63
1ohfcga,"First sourdough with my 15 day old starter! It was almost perfect but I‚Äôm more than elated!","GrayDawg23",1761574008.0,12
1ohfbj9,"Baking Bread üçû","ReynartTheFox",1761573947.0,24
1ohf4hi,"Too much of a good thing?","AliveFlan9991",1761573474.0,2
1ohf2em,"lies, only lies.","TonyRavioli22",1761573331.0,147
1ohez4b,"First batch of (baking soda) Laugenstangen I‚Äôve made in a really long time","frankenstein-victor",1761573104.0,1217
1ohewt3,"Worn maybe 15 hours over two days, and all of the seams are splitting üò≠","Evadenly",1761572947.0,695
1ohedri,"Is there any tip for baking panettone?","Automatic_Term_3232",1761571634.0,1
1ohdg31,"Mini baguettes for lunch","Jazzietunes",1761569210.0,23
1ohce57,"How can I remove the off odor from chicken before cooking?","abdul10000",1761566191.0,0
1ohc6ge,"Learning to Code ‚Äì Made a Free Recipe Scaling Tool!","Given_Context",1761565527.0,7
1ohbo6b,"Anyone got old Smosh merch?","AyakaSoot",1761563865.0,3
1ohbo5t,"Gimme Some Constructive Criticism","sqz16",1761563864.0,8
1ohb5hr,"Tips to improve this crumb?","Psy_Crow_Si",1761562119.0,25
1ohat7y,"Yeah, quick question: HUH???!???","CrankyOldCatLady",1761560908.0,328
1ohafpx,"Feedback on my whole wheat & rye loaf","Wholeofthemoon20",1761559524.0,0
1oh9sn6,"First ever loaf","Squipx",1761557044.0,452
1oh9q58,"My first loaf in the Dutch oven","Some-Inspector3443",1761556763.0,21
1oh9oyj,"Type 1 flour substitute - help","ilovepeonies1994",1761556638.0,2
1oh9osb,"2nd loaf ever","Significant-Air7058",1761556617.0,2
1oh9hfb,"Tommy hehehaha","MooGrave",1761555788.0,12
1oh8i96,"what am i doing wrong?","Life_Cantaloupe_4095",1761551732.0,2
1oh8fua,"making wild yeast","NoWing3675",1761551453.0,0
1oh8ccr,"Can I use plain rice flour to make mochi?","Slirrification",1761551044.0,0
1oh80cx,"am i allowed to use a clip from a members only video for an edit?","Intelligent-Rope-153",1761549689.0,39
1oh7ymo,"What is the difference in result between cooking in oil and pouring hot oil over the top?","jatinvj-sumba-d-else",1761549481.0,0
1oh7f7i,"Give me more....","Just_a_happy_boy_4ev",1761547253.0,5
1oh5una,"Weekly Ask Anything Thread for October 27, 2025","AutoModerator",1761541247.0,2
1oh5tx9,"Silly meme idea I had since the video came out, NO AI WAS USED IN THIS","MrMistReddit",1761541178.0,6
1oh5nxu,"TNTL/Reddit Story Shoot Day","Pale_Purple5055",1761540580.0,155
1oh5jlv,"Are there any podcasts similar to the creepypasta eps of Smosh Mouth?","Forward-Pay-3196",1761540164.0,12
1oh54bi,"New fan: just learned Jackie exists","Burnsy1452",1761538666.0,27
1oh4um5,"Your Favorite Kitchen Tools","AutoModerator",1761537748.0,18
1oh4r6d,"is bitterness safe?","mortmainmoat",1761537447.0,2
1oh45uu,"Like a rock but soft inside","Rikcycle",1761535544.0,6
1oh3uls,"Have they been getting more open about recording in advance?","earth2solaris",1761534566.0,349
1oh3kix,"I did it","Reckless-Raccoon",1761533703.0,187
1oh3g26,"Traditional English Bread and Butter Pudding - Curious What Others Do With Their Stale Bread?","Express_Classic_1569",1761533319.0,20
1oh3f8j,"The team we didn't know we needed","eternalsgoku",1761533249.0,1282
1oh39u8,"Feels Good To Be Back From Hiatus","KLSFishing",1761532797.0,14
1oh347q,"Aged Gouda garlic bread","DewersHopScotch",1761532335.0,13
1oh30mv,"Spicy dill chips","angrylilbug_19",1761532043.0,5
1oh2t77,"I'm dumb. Focaccia fail or does it have a chance of surviving?","jbergcreations",1761531423.0,1
1oh2lrh,"I never did or baked any type of bread","HabibDragapult",1761530801.0,0
1oh2j38,"Making Ground Lamb by Grinding a Boneless Leg - Any Downsides?","PierreDucot",1761530580.0,2
1oh2e5f,"First bread ever! I‚Äôm hooked!","prshangry",1761530195.0,8
1oh284z,"Blisters are huge!","Bcur1ey3",1761529717.0,132
1oh1y8m,"are funeral roasts coming back?","ohmygodwhyme",1761528913.0,212
1oh1utt,"Baguettes!","datfirecherry",1761528645.0,27
1oh1tew,"What temp is optimal proof temp in you opinion","Bugatti252",1761528533.0,1
1oh1stb,"Look what I found at Costco","Decent_Bowl_501",1761528486.0,371
1oh1my3,"Smog","Creative-Gift-2873",1761527998.0,54
1oh1ltd,"I Guess I'm Doing it Wrong","Pretty-Care-7811",1761527903.0,381
1oh1ext,"First try with inclusions - Jalape√±o cheddar","Current_Software2984",1761527343.0,6
1oh1ecw,"In my bread baking era, another wonderful creation","LeaT1988",1761527295.0,4
1oh14bh,"Blood on bone!!! Help","Chemical_Sundae9985",1761526483.0,0
1oh1005,"Got a Pro500 for my wife and I today, only had an hour so we made Soda bread!","Future-Original-2902",1761526151.0,6
1oh0yna,"Smosh's golden trio returns!","crazytallmusicman",1761526047.0,470
1oh0vj3,"Underbaked? My First Ever Loaf","monthlycramps",1761525810.0,22
1oh0ugl,"First bread, mistake list","Rikcycle",1761525729.0,1
1oh08nl,"Getting the hang of this","simba458",1761524028.0,5
1ogztnk,"Price of bread is ugly","yamahamama61",1761522860.0,0
1ogzlrv,"Sourdough baguettes","r_e_d_I_d",1761522236.0,13
1ogzi5x,"Uncle Bud‚Äôs ‚ÄòDill Pickle‚Äô Deep Fried Peanuts","cpclemens",1761521964.0,56
1ogzczl,"One hour early uploads","Abeera_I",1761521563.0,0
1ogyztp,"Damin","SnooCakes5988",1761520573.0,16
1ogyo1f,"Tomorrow on Smosh Mouth, CREEPY Stories with Courtney! üéÉüëªüï∑Ô∏è","Cchaps97",1761519703.0,1455
1ogyfuy,"A fresh loaf of perfection made by me!","LeaT1988",1761519106.0,22
1ogye5e,"How to tell if a dough is too wet or just needs more kneading?","imdrunkwithaquestion",1761518976.0,2
1ogya94,"Some recent bakes","BubblerSpesh",1761518684.0,6
1ogxtg0,"Is there a clean take of the reading reddit stories background music anywhere?","dreamisland123456",1761517445.0,5
1ogwy4d,"My yeast said use by May 29, 25.","BodybyPastry",1761515205.0,7
1ogwt2x,"Yellow jacket Reddit story","Other-Veterinarian-4",1761514852.0,3
1ogwr9s,"You say rolls I say monkeys!","CountCarbcula",1761514722.0,5
1ogwlth,"Arasha?","anonn1196",1761514331.0,0
1ogwhvi,"Angela‚Äôs first mario video","Weird_Biscotti2810",1761514056.0,0
1ogw66k,"Baking soda tenderizing time","notapersonaltrainer",1761513258.0,2
1ogw5wa,"Ayoh! Tangy Dill Pickle Mayo","upgrad3",1761513239.0,79
1ogvyrv,"A small compilation of Smosh Tiktoks I‚Äôve saved on my phone","MarcusFaze",1761512737.0,166
1ogvyue,"Just found this sub. Hows my tiny pretzel loaves?","mrlunes",1761512743.0,182
1ogvrok,"U eat the stem wbu","cinnamoanholic",1761512263.0,13
1ogve3w,"Trying the new oven","damidami47",1761511343.0,6
1ogv7kn,"First loaf ever.  Of any kind of bread. Be gentle. ü´∂","DemonKingFringe",1761510899.0,536
1oguhe8,"This video wasn't Arasha and Sean vs Tommy and Angela. It was Arasha and Sean vs Arasha","ZatherDaFox",1761509157.0,1447
1ogudnj,"Harvest Spice üçû","BovaFett74",1761508898.0,5
1ogu8rh,"I think chocolate is not an option üòÇ","0reo_cupcake",1761508566.0,8
1ogu2l6,"Smosh Pharaoh High But Its A Retro Game","Worth_Canary8098",1761508156.0,7
1ogu2ea,"Pretzel bites for football Sunday üèà","jennalud",1761508143.0,58
1ogtx7g,"Challah","Lamanda234",1761507802.0,18
1ogtvvf,"First sourdough loaf!!!","Lamp_666",1761507714.0,27
1ogttid,"Chaotically Random Angela Noises","lilDUTCHYdumpling",1761507557.0,117
1ogtkrl,"Apple fritter focaccia","sleepinginmykitchen",1761506979.0,67
1ogtiav,"The Bread-Baking Contest","mommy-tara",1761506812.0,9
1ogssey,"Weekend bakes","Badger8Mushroom2",1761505107.0,9
1ogso7q,"Chocolate babka buns are a solid cinnamon roll alternative","plantainpizza",1761504836.0,1446
1ogsm21,"Made croissants for the first time!","treebeetees",1761504691.0,39
1ogsf4k,"Today‚Äôs sourdough","DejectedNuts",1761504235.0,5
1ogs92g,"Did Angela forget about her short film?","PeppyPenguin1024",1761503834.0,1437
1ogs32g,"What do you see here?","yello5drink",1761503443.0,2
1ogrwj9,"Motivational Chosenüôá","ChampionshipTight426",1761503018.0,46
1ogrnai,"Bakery testing 3 - first go at ‚ÄúFarmers Favorite‚Äù","Ill_Ambassador_6432",1761502418.0,13
1ogr7hm,"Biggest bloom I‚Äôve ever gotten!! I‚Äôve just started baking things from scratch and trying to homestead over the last few months and this is the first bread loaf I‚Äôve ever made! So proud lol","Apricot_Aggravating",1761501386.0,44
1ogqf74,"I'm in the midst of making Ken Forkish's pizza dough with poolish and seem to be stalled.","Koshersaltie",1761499580.0,0
1ogqc7p,"Made banana üçå bread with walnuts today üòã","loullyyy",1761499394.0,18
1ogq97q,"this focaccia is what cinnamon rolls aspire to be","EsotericTriangle",1761499193.0,55
1ogq2au,"Interested in selling bread but‚Ä¶","Ok-Carrot7803",1761498721.0,0
1ogq1x9,"Looking for a good semolina sesame roll?","hindyg",1761498696.0,2
1ogq1ss,"On location","MeBeEric",1761498687.0,85
1ogpt1g,"Moving Tiny Furniture w/ Jacksepticeye","Cchaps97",1761498095.0,170
1ogprar,".","Jimmy_mo_",1761497990.0,36
1ogpni5,"Japanese Sweet Potato Browning","violetmatcha111",1761497739.0,2
1ogpkzo,"Olivia is my spirit animal.","Jimmy_mo_",1761497571.0,107
1ogpcvo,"Damien question‚Ä¶","MamaMacK94",1761497035.0,0
1ogovgu,"I made about 13 pounds of pizza dough last night but I think the yeast was old and dead. There‚Äôs almost no bubbles this morning. Is there any way to save it by tonight for our party?","ShawnSaturday",1761495869.0,757
1ogon9m,"that silly moment in SwordAF S2 with Furnace","galactical-maestro",1761495322.0,12
1ogokq7,"Ordered a burger from a local restaurant. I dont eat them often so I was really looking forward to it. Came out, looks beautiful. Took a bite. Bread-n-butter pickles. WTELF I feel like this was some form of assault and maybe I should call the cops.","isthatsoreddit",1761495153.0,503
1ogojcy,"Tried challah for the first time to use for French toast at a brunch I‚Äôm hosting. Was not prepared for how huge it gets in the oven!","Bird_nostrils",1761495062.0,75
1ogob53,"any info on this shirt of Damien's?","Airves_",1761494506.0,14
1ogo8ty,"Fictional Shitpost","Admirable-Judgment61",1761494365.0,0
1ogn62a,"Third attempt and still sooo much to learn","OutrageousDot7353",1761491757.0,13
1ogmmyp,"Croiss-challah danishes","Entire_Record131",1761490477.0,1
1ogm8vk,"If a bread recipe specified KA Golden Wheat Flour and you didn't have it ...","tomswede",1761489498.0,3
1oglj42,"SmoshVerse Trailer","Good-Sale900",1761487678.0,1054
1ogllof,"Mental Illness Trailer","Good-Sale900",1761487861.0,352
1oglk9a,"I think this is overproofed but I have questions","mcampo84",1761487760.0,3
1ogl6og,"Day 2","HoochPickles",1761486806.0,3
1ogl0sf,"Le baguette N¬∞ 1","Visible_Ad9976",1761486373.0,13
1ogkxky,"Sourdough fresh from the oven","Callie-Maggotbone",1761486141.0,3
1ogklt4,"First time making yeast rolls- cinnamon, garlic butter, and seeded.","Timely-Sock-4273",1761485253.0,5
1ogjmqq,"I told my spouse that there would be a roll in the morning to go with eggs!","kalechipsaregood",1761482461.0,833
1ogjhnj,"Fall baking time!","petals-n-pedals",1761482035.0,65
1ogjhiy,"Experimented with under- and overproofing","Roadkill789",1761482023.0,26
1ogj4ap,"Sourdough Choreg","miss_spellman",1761480877.0,14
1ogip7z,"Plane snack!","talkingtoawall710",1761479524.0,42
1oghdgi,"Irish White PAN Bread","Forsaken_Title_930",1761474974.0,1
1oghde3,"Third loaf from my new starter, probably my best loaf ever.","IrishAchilles93",1761474966.0,21
1ogh750,"First time I'm actually proud of myself. Overnight bread from Flour Water Salt Yeast.","Le_Vagabond",1761474329.0,106
1ogfihn,"Panettone salato part 3 (Savory panettone part 3)","LiefLayer",1761467910.0,6
1ogfe88,"I hope we finally get a Damien & Shayne creepypasta episode","Nefarious_Loins",1761467460.0,51
1ogfdsl,"Chai Bread","samishah",1761467419.0,2
1ogf8l1,"Is Corn or Buckwheat bread possible with creme de tartar?","_TheZmaj_",1761466848.0,1
1ogdz9v,"Funniest Smosh Videos?","Romeo0914",1761461902.0,16
1ogdsfd,"Hokkaido Milk Bread","lilnastyhands",1761461172.0,10
1ogdk84,"I was surprised when my Two Sentence Horror Story appeared in a SmoshCast video titled ‚ÄúReading More Bad 2 Sentence Horror Stories‚Äù.","Nessieinternational",1761460314.0,17
1ogdjsp,"Shourtney Halloween couples costume","TisNotNik",1761460270.0,2191
1ogdhvm,"Shayne Topp has breached containment","ThePlumbOne",1761460066.0,186
1ogdd7w,"Stressing over whether I should sell my Famag and buy an Ankarsrum. Help!","ChickPea45",1761459568.0,2
1ogcz15,"2nd and 3rd attempts at foccacia with overnight cold ferment. Pepperoni, garlic, red onion, green onion, green chili, mozzarella, parmesean, tomato.","cortes272",1761458088.0,10
1ogcvwm,"My favourite group dynamic is when they are flirty/kinda horny with each other","SandStorm932",1761457740.0,47
1ogbzkf,"First time making sourdough rye","SethH1979",1761454470.0,46
1ogbvaq,"Just the daily loaf","skaterfromtheville",1761454040.0,83
1ogbg1p,"What color do I tell my hairstylist","Lost-Mention7739",1761452537.0,317
1ogawrs,"Cooking Japanese ramen eggs, shell sticks to membrane","greenrabbitears",1761450691.0,0
1ogat6y,"Got pass to We're All Gonna Die for my birthday","Mysterious-School419",1761450381.0,11
1ogal7o,"Porotta/Roti cenai","Trippypanda1997",1761449651.0,24
1ogahqm,"was it just me or do we share the same sentiments as the cast for the horror reddit stories- i wish there were more supernatural stories, like actual campfire spooky stories this episode instead of insane people stories?","Extension_Effect_983",1761449341.0,166
1oga5u8,"Do cinnamon rolls count?","rickyspeak",1761448229.0,19
1og9wnt,"Oh no","v8darkshadow",1761447383.0,663
1og9w64,"The OP from the Gnome story left a few comments under the video","cellichrista",1761447338.0,546
1og94ly,"Fry bread comfort food","BreakingBirdi3",1761444894.0,14
1og8xxt,"Smosh improv songs i would unironically add to my playlist","Final-Pin1737",1761444307.0,22
1og8u9b,"Vinegar and Scald for a nice soft Natural Yeast dough.","TheNordicFairy",1761443992.0,2
1og8t48,"I made cinnamon buns for my lesson on synonyms","Mars1176",1761443896.0,56
1og8nws,"If Shayne plays Booster Gold...","StarRinger",1761443459.0,0
1og8inz,"Focaccia first timer","Rummy1971",1761443027.0,5
1og8cta,"Random fact about Damien","Extra-Discount8952",1761442528.0,3323
1og8byk,"No Sugar","FaithKneaded",1761442455.0,6
1og89m7,"The Chosen in FFXIV","Glace_Snowmoon",1761442247.0,9
1og81s0,"First ever scratch bread attempt.","JustALonelyTraveler1",1761441579.0,131
1og7lv2,"B√©chamel with ‚Äúprotein milk beverage‚Äù","Thisisforscreening",1761440208.0,4
1og7dag,"2 Burger Bun recipe please","Adventurous_Froyo007",1761439474.0,2
1og73k2,"Probably too much filling. I probably don't care. üòÇüòÇüòÇ","JurneeMaddock",1761438647.0,5236
1og6bzg,"Panettone salato part 2 (Savory panettone part 2)","LiefLayer",1761436379.0,3
1og5zqn,"Jacksepticeye on Board AF tomorrow!","Cchaps97",1761435399.0,475
1og5acl,"Baking sheet recommendation","nburns1825",1761433390.0,1
1og525z,"husband got me a mixer (early christmas present) and I made the cheesecake factory brown bread today :)","citrusandcinnamon_",1761432762.0,557
1og4y06,"We‚Äôre getting predictable","Safloophie",1761432436.0,1443
1og4np3,"Please Fangirl With Me!","Brenana01",1761431659.0,0
1og4liz,"Buttermilk Buns","Glittering_Art2144",1761431490.0,7
1og3pn1,"Gritty cheese sauce fix?","nickbernerner",1761429076.0,2
1og2z1k,"My non banking father‚Äôs first ever sourdough","azbbqcars",1761427150.0,32
1og1pug,"First time bagels","MalfunctioningIce",1761423954.0,8
1og1ofr,"My wife made cheesy focaccia for the first time [tasty]","-FishPants",1761423857.0,15
1og1g30,"First loaf!","AccomplishedStand558",1761423270.0,2
1og1b01,"double baked croissant with cofre cream and pecans","laterdude",1761422912.0,3
1og0sll,"First Loaf","MNF4205",1761421651.0,2
1og0q2c,"To think I almost didn‚Äôt bake this one","plengowell",1761421480.0,6
1og0ezm,"Shayne and damien pixelart!!","thehiyacinth",1761420736.0,46
1og0dgv,"I‚Äôm dipping apples and caramel today and I won‚Äôt be dipping them in chocolate until tomorrow should I refrigerate them?","EngineeringSeveral63",1761420631.0,5
1og0ccu,"Shayne ""I'm not a Thanksgiving Guy"" Topp from iCarly","asexualrhino",1761420550.0,152
1og0bsr,"Jacksepticeye Smosh Reference","-doritobreath-",1761420510.0,307
1ofzzyr,"Ray Romagnome","mantisinmypantis",1761419696.0,27
1ofzsl6,"My first and second time baking bread","Davidthebread",1761419168.0,14
1ofzjk7,"Why does my bread blow-out all around the base?","Advanced_Rabbit_5100",1761418560.0,7
1ofzgwd,"Saturday morning bagels","uncleozzy",1761418379.0,4
1ofz989,"This Man Makes Me Scat","Xemwaht",1761417847.0,15
1ofz389,"Was this a reddit story they read?","orange_glasse",1761417434.0,20
1ofyvmp,"The Wavelength video‚Äôs auto- generated chapters have it out for Tommy","SouthParkTrash",1761416922.0,26
1ofynru,"Haven't baked in ten months. Did some experimenting accidentally resulting in an overproofed yet delicious loaf (see comment)","BritishBlue32",1761416386.0,21
1ofynmw,"I need to know, where is this from?üòÇ","Jimmy_mo_",1761416376.0,2146
1ofybwk,"Readers Beware...from today's Reddit Stories","Ookimow",1761415616.0,115
1ofyaqx,"Chanse ‚ù§Ô∏è and his school picture smile! I am a 62 (yep) Smosh fan thanks to my 34 and 23 yr old. At first I was like WTH are you guys doing watching other people playing board games? Get a life. Lol. THEN a game came on where they were all in sunglasses and saying The Chosen. Hooked. TNTL supafan.","Next_Secret3087",1761415537.0,65
1ofy06g,"Smosh Summer Games - Silent Library Photo","AwesomeOpossum404",1761414834.0,837
1ofxnf5,"Another Ankarsrum should or should not buy question","Maleficent-Yam-5809",1761413998.0,0
1ofxn9a,"It's kinda cool the OG Smosh Games crew featured in 2 YT rewinds (2012, 2015)","Short_Check9953",1761413986.0,12
1ofxm4a,"Loving grip guys","Thick_Potential_",1761413910.0,19
1ofxleh,"My first try at Pan de Cristal.","ramrol511",1761413860.0,8
1ofxjky,"Cuban Bread: Starter/No Starter","Emotional-Gur5680",1761413735.0,1
1ofx56s,"I'm never gonna get to do The Thing","squidtrap",1761412779.0,0
1ofx4re,"POV professional headbaker","Substantial_Pain6977",1761412750.0,4
1ofx0u1,"A bit of an experiment: bread with 80% oats","PaddiM8",1761412495.0,11
1ofx056,"When you make soft pretzels and you let your kids shape them","willowthemanx",1761412450.0,230
1ofx005,"what are differences i get when using cooking white wine vs regular white wine","QsNsEXO",1761412441.0,35
1ofwxju,"I am absolutely loving Grip Guys","ZADKOR",1761412276.0,75
1ofwnh2,"Readers Beware... | Reading Reddit Stories","Cchaps97",1761411626.0,159
1ofwldm,"Anyone else love these?","simply_fucked",1761411482.0,103
1ofwih6,"Sourdough Discard Sandwich Loaf!","Mattekat",1761411289.0,22
1ofw8x5,"Please rate my 1st time cheese bread","Wise-Bluebird-7074",1761410648.0,51
1ofw7ky,"Too much yeast?","StrainHelpful9208",1761410558.0,1
1ofvy2n,"HALLOWEEN HELP! The Creekside Killer","oopsiegoldberg",1761409928.0,4
1ofuzhs,"Orange & Black Sourdough","CicadaOrnery9015",1761407577.0,18
1ofuunz,"How to make Goat Cheese Crumble?","getmeoutmyhead",1761407248.0,6
1ofuokb,"Reminder, a fresh jar of yeast acts differently to the one that's been in the fridge for 2 years...","prakticaltickles",1761406832.0,103
1ofunj2,"Sifting bread flour","Salt-Strike-6918",1761406763.0,1
1oftu3m,"Spinning buckwheat crepes","philmarois",1761404764.0,2
1oftcsp,"Blursed subway bread","banana_capitalist",1761403584.0,13
1oft6gv,"Foccacia Help","CelerySmooth9078",1761403145.0,8
1oft1m3,"How to get a more open crumb","Beautiful-Oil-2961",1761402807.0,3
1ofsvvd,"One kilogram (flour) loaf","Different-Moose-7214",1761402405.0,6
1ofsvle,"One kilogram (flour) loaf","Different-Moose-7214",1761402384.0,3
1ofsu2g,"I Like Big Buns and I cannot lie","Appropriate_View8753",1761402279.0,9
1ofsown,"Movie podcast touts Smosh and Reddit as great inspiration for movie scripts!","FlixYouMissed",1761401911.0,2
1ofsiy5,"Question for Main channel members","Hudsonyee220",1761401478.0,2
1ofsfim,"Baby's first loaf of bread ü•π","Flossie_Foo_Foo",1761401229.0,139
1ofs8uf,"The best cucumber salad recipe (IMO)","FerretBusinessQueen",1761400765.0,7
1ofs7l4,"My bread did not rise what went wrong?","Fightplan",1761400670.0,0
1ofrzxm,"This week‚Äôs bread","calamityofsolonglife",1761400108.0,16
1ofrzpb,"I made updated banners for the sub","XDBoy018",1761400090.0,472
1ofqugm,"I‚Äôve never baked in my life so I‚Äôm starting small, last week was bannock bread, this week Irish soda bread","_calidon_",1761396944.0,620
1ofqj12,"I accidentally stumbled upon this in the wild","wubbalubbadub2",1761396043.0,385
1ofp8qd,"Bread with caramelized onions and fresh cheese","nv79",1761391892.0,73
1ofowey,"Fresh loavesü§é","Imaginary-West3366",1761390654.0,43
1ofo8gz,"Cooking fresh pasta for 20+ people at once","leo_vujcich",1761388199.0,14
1ofod2q,"Bamboo steamer getting burnt when I use it. How do I prevent this?","goofy_snoopy7",1761388682.0,11
1ofnnwl,"Meme of the Day!","Kayjezzza",1761386029.0,24
1ofn1el,"I had the absolute honour of meeting Damien today! He was so kind, and signed this fan art I drew :)","HowdyAshleyHere",1761383595.0,195
1ofmd1v,"Sourdough from homemade starter","FuzzyFeeling",1761381009.0,5
1ofmb53,"My first successful loaf of sourdough bread.","That_SideR87",1761380797.0,48
1ofm1pn,"Bagels-Whats happening to my dough","Unusual-Substance-78",1761379759.0,2
1ofltvf,"My first ever loaf..","LadyKal9",1761378908.0,278
1ofl1al,"Do I need to do anything with refridgerated sourdough starter before using it?","PirateMilkyway",1761375766.0,2
1ofjmvy,"missing gentleman‚Äôs moose master rn üòî bring it back","sleeptight8819",1761370579.0,197
1ofj77k,"i made pretty banana bread!","probably_boredd",1761369041.0,149
1ofj765,"Petition for them to reenact the Most Angriest Comment Thread of All Time","Synessther",1761369036.0,11
1ofivk1,"I did the thing","SevenJack",1761367916.0,42
1ofildq,"First try at breadsticks","dealers_choice",1761366943.0,19
1ofifzy,"'Honey' by Taylor Swift ft. Tommy Bones and Arasha Lalani","UttkarshAF",1761366416.0,22
1ofidkn,"Daniel?","TeddytheSynth",1761366182.0,7
1ofhpb9,"Chance the goat!!","JAMCTZ305",1761363917.0,14
1ofhozy,"Found a genuine Chosen in the wild","SillyAlbatross5414",1761363889.0,142
1ofhc0u,"first poolish bread recipe‚Äîhow can I improve?","lawd_shawty",1761362717.0,1
1ofgxrf,"What‚Äôs a good substitute for a plastic microwave splatter-cover?","plumbaby9",1761361417.0,0
1ofgo15,"My Friday Loaf!","katie-the-bean",1761360543.0,40
1ofgk4p,"Chicken Parm on Homemade French Bread","HerMajestyTheQueen13",1761360202.0,3
1ofghlm,"Mozzarella and jalape√±os sourdough","sisayapacaya",1761359976.0,11
1ofgdlw,"Pumpkin spice sourdough :)","Automatic-Task7090",1761359633.0,108
1ofgcuu,"We HAVE to talk about this!","princeton0319",1761359564.0,1462
1offyjc,"Who did it better","Dank_canks247",1761358312.0,145
1offqn4,"Pickle Heaven at the NC State Fair","Digital_Pharmacist",1761357631.0,54
1offora,"Courtney on Sad Boyz","Open_Goat3150",1761357475.0,226
1offm52,"PSL season? More like Pumpkin Shaped Loaf season","midwife_at_ur_cervix",1761357253.0,16
1offg65,"Non-sourdough recipes that work for pumpkin shaped bread?","Worried_Pineapple_12",1761356756.0,3
1offehi,"Pate A Choux for the first time","Nurs_Ria_0215",1761356617.0,10
1offdcj,"beautiful frame from the last grip guys episode","stinkbugstew",1761356519.0,40
1offbj2,"Trying out new focaccia toppings‚Ä¶","Ohitsashlie",1761356376.0,67
1ofehdb,"Side of pickles with any meal is standard","chi-bacon-bits",1761353849.0,132
1ofdo8b,"First loaf, how'd I do?","mapper_cad",1761351419.0,0
1ofdeoh,"Sugar in pickled eggs?","Bluepuppy101",1761350639.0,5
1ofdcza,"Breadman Bread (450g, 60% Hydration)","FaithKneaded",1761350500.0,9
1ofdbi4,"Blueberries and chocolate chips sourdough","sisayapacaya",1761350398.0,47
1ofcynq,"Chanse‚Äôs Voice","MewKenna23",1761349333.0,100
1ofcxll,"Oh yes...","Aggressive-Bed3269",1761349243.0,185
1ofcwgk,"My first focaccia","KMGomz",1761349148.0,37
1ofcrro,"Bringing back this gem for spooky seasonüéÉ","Prndl-1431",1761348777.0,11
1ofcmt1,"Garlicky dillies","No-Mongoose-7450",1761348396.0,55
1ofciup,"Anyone else think this Febreze ad sounds kinda like Smosh‚Äôs ‚ÄúThe Mother‚Äôs Day Rule‚Äù?","_KMidnight",1761348089.0,2
1ofchtq,"Close but no cigar","thicccpeanut",1761348007.0,5
1ofc8sg,"Cardamom Buns from KAF‚Äôs Big Book of Bread","InsectNo1441",1761347315.0,1
1ofbmyr,"My first focaccia","BlondeRed",1761345653.0,50
1ofbkfp,"I think I speak for all Smosh fans, we I say that this would go hard as as a livestream or a games video.","cadalex",1761345464.0,0
1ofbbkg,"ASHBY @ Smosh","Open_Goat3150",1761344799.0,230
1ofb9hx,"It finally reached 696,969!","HashtagDingus",1761344647.0,599
1ofarqj,"Baguettes","Ill_Ambassador_6432",1761343324.0,236
1ofaobh,"Need help with GF bread that doesn't taste like cardboard","tcumber",1761343079.0,3
1ofam10,"BOO! üëª Tomorrow‚Äôs stories will give you a fright üò±","MursuKing1980",1761342916.0,93
1of9rnu,"My little za'atar buns","Fairy2play",1761340755.0,1367
1of9p9h,"You guys really steered me wrong","xizzy7",1761340583.0,766
1of99m9,"üíôü§ç","owleyes1122",1761339525.0,0
1of8e0e,"UK Fans","Salt-Delivery7854",1761337363.0,160
1of82dv,"My attempt at a Halloween artisan loaf.","ChampionshipNo5707",1761336586.0,49
1of7w1a,"Need tips for keeping the oven warm for bread rise in a cold kitchen.","powaqua",1761336165.0,7
1of7ulp,"Pan de muerto","DrCarlimp",1761336075.0,6
1of7m5h,"Sourdough pretzel bites","polergirlOH71",1761335517.0,364
1of6wj5,"fortheloveofchallah","totsplease",1761333821.0,12
1of61qc,"Question- Why do my loaves have a tight spot in the center?","Pinetreepiano",1761331826.0,5
1of5zyx,"My French loaves turned out party in the front and uh ... blowout in the back ü§£ü§£","UmaTora",1761331709.0,26
1of5eoh,"2nd sourdough loaf after disaster first! How does it look?","wafflefrwhy",1761330321.0,23
1of4sgd,"Shayne needs to write more sketches","ChoiceMountain7",1761328874.0,62
1of4rt1,"Par Baking Texas style kolache","s_leilani",1761328841.0,1
1of48ou,"grip guys 2 fanart","NorthBoyo",1761327618.0,38
1of473u,"Underproofed and/or undercooked?","Dangerous-Island-664",1761327515.0,4
1of42u9,"Those old photos that remind me my parents really had their own golden era.","Jimmy_mo_",1761327240.0,370
1of42d2,"Somebody check on Shayne...","Good-Sale900",1761327210.0,1345
1of3sex,"pickle jars, recycling?","budnakedbiologist",1761326595.0,4
1of3jfc,"Cinnamon-sugar challah bread pudding","laterdude",1761326012.0,10
1of3ij6,"Help me figure out‚Ä¶","Otherwise_Reveal_318",1761325954.0,4
1of3ewt,"Asked the cafeteria at work..","edwardothegreatest",1761325717.0,36
1of3byw,"Teaching him good taste while he‚Äôs still young","TheRealGongoozler",1761325527.0,61
1of318g,"Finally got an ear on a loaf!","natbunny",1761324849.0,23
1of2ziu,"FM2100 jar sealer ‚Äî is it normal that it takes forever to seal?","ifyoucantakeit",1761324742.0,2
1of2u9l,"Duck head for stock?","AgitatedPlenty",1761324409.0,1
1of2k21,"I been learn making bread almost everyday since August and it make me happy.","ujah",1761323749.0,30
1of2f5c,"This needs to be seen.","Innerrebelrunaway",1761323441.0,2211
1of1vaa,"Trouble with par-baked sub rolls üòÆ‚Äçüí®","Zestyclose-Emu-4888",1761322158.0,1
1of1o9m,"Damp inside, what went wrong?","soph2_7",1761321712.0,4
1of1lqe,"Grip Guys: Throuple?","Cchaps97",1761321564.0,37
1of183g,"Been trying my hand at bread lately. (Cinnimon Roll Focaccia)","tinywinki",1761320696.0,65
1of125a,"Weird blue spot on pickle?","Aggravating_Assist",1761320307.0,150
1of0tje,"Dove rolls are pretty easy to make and so much fun!","ajp12290",1761319745.0,2331
1of0lk1,"Food Wishes Cronuts: can I do some/most of the work the night before?","Missing_Back",1761319238.0,1
1of0cbr,"Today‚Äôs Bake‚Ä¶","Sad_Establishment673",1761318650.0,30
1of073f,"I made the Pistachio bread from u/_keyboard-bastards grandpas recipe he shared from a month or so ago","Bird_the_Impaler",1761318317.0,33
1of05rn,"Cheese stuffed naan bread with garlic butter brushing.","CapableMasterpiece43",1761318238.0,55
1oeznha,"Bread of today ü§ó","MutedFig8680",1761317075.0,10
1oezc0h,"How can I get an airier, looser crumb?","MerlinMusic",1761316335.0,3
1oez6wq,"Bread and Camembert","Purple-Character8375",1761316004.0,0
1oez0z7,"What kind of bread should I make today?","sarcasticxsincerity",1761315618.0,0
1oeymyw,"Looking for a special pan lid, with a water pool to keep it cool enough, condensing aroma below (inside)","blusay",1761314689.0,4
1oeylsu,"Shabbat Shalom","HeadBedroom7325",1761314608.0,51
1oeyea7,"Voice for the Voiceless","thezetetic",1761314100.0,3421
1oey2cp,"White lumps on bread baked yesterday?","joemcmanus96",1761313268.0,666
1oexd1q,"Pickle Priest partnering with Jimmy John. I'm not linking because last time I linked a video it showed my real info. But he's on Insta and Tiktok. He's so funny and crazy popular. I guess JJ heard of him and partnered with him for their picklewhich","isthatsoreddit",1761311482.0,4
1oex0pg,"Reflavor lengua meat?","Same_Zucchini",1761310623.0,15
1oewtgq,"r/Yeast for bread baking","Salt-Strike-6918",1761310075.0,1
1oewtfx,"What is your cat's alignment? (inspired by Smosh Mouth 115)","Bajren",1761310074.0,25
1oewpkd,"Walmart Dill Pickle Pasta Salad","Excellent_Regret4141",1761309795.0,13
1oewhrc,"Baked simit for the first time! So delish","Valdemia",1761309186.0,132
1oew3fq,"Has anyone had success with making a gluten free sourdough?","BrinasBakery",1761308055.0,1
1oew3a5,"Has anyone had success with making a gluten free sourdough?","BrinasBakery",1761308042.0,0
1oeuu3h,"am i overproofing my bread?","waterless_cake",1761304153.0,0
1oeui6d,"Videos to get into Smosh Games","Alol_Bombola",1761303037.0,4
1oet6xj,"Angela Car","sairajlikescheese",1761298206.0,82
1oespse,"Picklejuice - A Crime in Brine","scalectrix",1761296330.0,33
1oescz7,"Smosh (related) Haul üòÅüòÅ","Think_Connection_971",1761294876.0,22
1oes559,"First bread baked","Jhonny_Crash",1761294013.0,45
1oerzi9,"Sarah Christ","Certain_Owl_528",1761293383.0,5
1oery98,"HE BOOKED!!!!!!","Reindow",1761293233.0,725
1oep779,"Genuine Question","CandyyCornCarl",1761282584.0,662
1oeog1j,"What's the best way to make a real crusty loaf of bread?","BungalowLover",1761279963.0,1
1oeoa09,"Pan De Cristal, maybe my best bake ever","IWantToOwnTheSun",1761279398.0,651
1oent0j,"My homemade custard dorayaki","Traditional_Rip6196",1761277864.0,38
1oen68d,"Smosh as the Muppets","Distinct-Nectarine17",1761275856.0,1189
1oemvvu,"This drag show","bigboyguzma",1761274979.0,635
1oemlso,"Italian bread","Rummy1971",1761274124.0,6
1oem2gg,"First Go With The New Oven","rabbifuente",1761272507.0,20
1oell0d,"Forgot about this jar and found it just in time for tonight's game!","the_voodoo_sauce",1761271056.0,56
1oel3g5,"Weed pickle gummies‚Ä¶","goldcat88",1761269605.0,101
1oekqfq,"Why does my beurre blanc break every time I try to hold it, temp control issue?","Kilgoretrout123456",1761268518.0,10
1oekd1z,"My friend and I went as chosens for trick or treat!!","unfortunatelybrynn",1761267400.0,272
1oek3r0,"Beopardy Stat breakdown (as of Generations Beopardy - Oct 9, 2025)","Responsible_Truck_81",1761266634.0,134
1oejem3,"BAGELS","Hairy_Ad6513",1761264583.0,19
1oejalj,"With recent discussions regarding ""no uploads today"" what does Smosh fans think of let's plays?","SwedTech",1761264263.0,150
1oeisx9,"Focaccia with pepperonis and cheese","kale_wine_stew_roast",1761262889.0,50
1oeieen,"[NEWBIE] Omg am I supposed to let it rise twice?? [HELP]","RojaCatUwu",1761261772.0,26
1oeice0,"Just now getting to listen to the ‚ÄúWe Miss Amanda :(‚Äú pod‚Ä¶why are they acting like the older RE‚Äôs weren‚Äôt remade??","LividBlood9911",1761261617.0,0
1oehxvu,"How to use?","DruidWitch82",1761260507.0,0
1oehujm,"Bread is just so cool, love this peak inside the gluten network","illsburydopeboy",1761260263.0,40
1oeh95h,"Panettone salato part 1 (Savory panettone part 1)","LiefLayer",1761258689.0,4
1oeh121,"It's Finally Cool Enough to Bake Again!","EntropyNT",1761258097.0,16
1oegzzl,"the poor pouf","banditandchilli",1761258019.0,4291
1oegy4a,"Whats the difference between ‚ÄúSmoshtastic‚Äù and ‚ÄúSmosh Royalty‚Äù Tiers for YouTube Membership","No_Fault_5646",1761257889.0,6
1oefxub,"Cheddar jalape√±o, and sesame seed  sourdough.","sensistarfish",1761255337.0,6
1oefrwl,"First time making pretzels!","mongoosai",1761254935.0,807
1oeflc0,"50% whole wheat with biga, 9x5 loaf pan","thesnugbug",1761254485.0,27
1oef4um,"Anyone in Montreal?","This_Fkn_Guy_",1761253377.0,5
1oeeo4a,"Made my first Pain de Mie! lol","big_girl_does_cry",1761252325.0,39
1oeekoo,"Made chili oil too spicy","billybollyballybully",1761252103.0,1
1oeecmh,"First Loaf of The Szn!","FrayedSelf",1761251576.0,14
1oee94k,"Dense and gummy first inclusion loaf","ProfessorMomo1",1761251349.0,2
1oee6q2,"I mixed this hooch in but now idk","Similar-Ice-2949",1761251194.0,0
1oee24z,"Fig & Gouda Sourdough","CicadaOrnery9015",1761250902.0,0
1oedyxh,"Dense and gummy first inclusion loaf","ProfessorMomo1",1761250704.0,1
1oedr5s,"First time kneading","fiosrach123",1761250225.0,160
1oediqe,"Ciabatta turned golden!!!","Kindly_Collection944",1761249691.0,1
1oedb9o,"Bakery testing 2: my first go at Pain de campagne","Ill_Ambassador_6432",1761249226.0,105
1oeczrr,"Bakery testing 1","Ill_Ambassador_6432",1761248469.0,21
1oecmms,"Question about cheeses for my cheese pasta sauce","MelindaTheBlue",1761247607.0,26
1oecjwt,"No upload tomorrow either! Forgot to mention it in the previous post","Cchaps97",1761247433.0,157
1oeb1si,"What‚Äôs a good starting point?","JustALonelyTraveler1",1761243998.0,4
1oeaw50,"English Muffins","PsychologicalSelf917",1761243635.0,1
1oeane6,"Removing the fishy-ness of fish broth?","justamemeguy",1761243074.0,0
1oea8hn,"How does this work with no kneading?","Blobbob2000",1761242156.0,1
1oea5uc,"TiGolden Indian Fry Bread ‚Äì Crispy, Puffy, and So Easy to Make","CapableMasterpiece43",1761241990.0,14
1oe9zt5,"Has anyone had the pickle dip from Aldi, recently?","JAHamsa",1761241607.0,6
1oe9qh3,"Amanda Barnes and Kiana Parker Q and A at NAB NYC","PlayerOneDad",1761241008.0,1457
1oe9n9l,"Pacojet sorbet snowy","Pretend-Risk-1851",1761240809.0,0
1oe8rwu,"Acting Out The Best Internet Drama","Cchaps97",1761238856.0,277
1oe8eb2,"The new Bit City video will be deleted tomorrow...","talamantis",1761238009.0,814
1oe86y0,"Just for fun‚Ä¶","Cheap_Host8797",1761237531.0,17
1oe84x9,"Any experience with Vollrath induction cooktops?","Efficient-Ball-5805",1761237401.0,1
1oe7iiu,"BakerMaker Update: Going Global with Multi-Language Support & Community Features","biokys",1761235982.0,1
1oe7ep7,"Rayne's editing is practically part of the cast now (Rayne appreciation post)","Blofis_the_Blobfish",1761235746.0,626
1oe71u3,"How to get a nice round top?","Ok-Tomatillo-2996",1761234964.0,0
1oe5uc2,"Someone literally just mixed pickle juice and beer and sold it as a premium product","-Left_Nut-",1761232195.0,59
1oe5j1z,"First Focaccia","boozelet",1761231485.0,214
1oe5giz,"Rancho Gordo Corona Beans","konenki_teacher",1761231322.0,8
1oe5891,"Fixings explosion üå∞ üçî","Hannibalsmith99",1761230796.0,19
1oe54l8,"Brioche or milk bun","Mutelord",1761230570.0,0
1oe5163,"Fixings explosion üå∞ üçî","Hannibalsmith99",1761230356.0,11
1oe4but,"i made baguettes","riceynutties12",1761228703.0,6
1oe43lx,"New Meme Slate Dropped","UttkarshAF",1761228160.0,299
1oe3dl7,"Wildgrain sourdough bread box","PurpleFight",1761226373.0,1
1oe3aed,"Why did my pesto oxidize and turn brown?","AI1as",1761226144.0,12
1oe35sx,"Made shio pan for the first time today","Holybasilgf",1761225813.0,15
1oe2vcl,"My first bread ever","anielekk",1761225054.0,23
1oe1pbc,"Can I split foccacia in two and bake on different days? Also cold fermentation?","BensBitch",1761221816.0,4
1oe1jox,"Orange Juice and Baking Soda? Vintage Pumpkin Bread help","justykinzz1214",1761221362.0,6
1oe1crs,"What does this crumb tell us?","Imaginary-Body-3135",1761220824.0,63
1oe0wqy,"I cant stop laughing at this like why did he make that face","wubbalubbadub2",1761219441.0,441
1oe01ui,"Need help frying","Loki_Plush",1761216568.0,9
1oe00yz,"Trimming the blossom end","Longjumping_Cook_403",1761216481.0,5
1odyxkx,"Did they ever post this selfie","Think_Connection_971",1761212515.0,43
1odxzly,"Why does my white farmhouse loaves always go so high and tear around the side as its baking? Pls help","Disliking4chavs",1761208809.0,201
1odxgz6,"How to neutralize tonic water/quinine?","Faaresemo",1761206738.0,0
1odwx4c,"Ciabatta - First Attempt","ciucciariello",1761204534.0,169
1odwrwp,"How do you clean rust off of the cast iron parts of a Dutch oven without scratching the nearby enamel?","Monroyal",1761203965.0,7
1odufpa,"Suzie Toot wants to be on Smosh!","throwawayusername248",1761195267.0,115
1odtpfs,"Looking for shirt court wore in this vid","TpPokio",1761192727.0,24
1odtmmz,"My poor internet connection created a powerful still image from this clip.","CheeChee44",1761192470.0,186
1odtm2h,"Soda crackers","trusti360",1761192421.0,6
1odtgw9,"Life Hack: put your other ingredients on top of your bowl","HealthWealthFoodie",1761191947.0,40
1odtgud,"drew Shaney Days and Mondays while watching the recent pod","moomoro",1761191942.0,44
1ods1em,"Have you heard?","moscvamoe",1761187486.0,98
1odrpys,"This sub inspired me to try an artisan load again. I'm still getting the hang of it, though‚Ä¶","ChampionshipNo5707",1761186546.0,25
1odrmmy,"Focaccia √† la crispy bubbly","detspek",1761186276.0,14
1odr7e9,"Has anyone ever used mayonnaise mayo to brush their bread loaf before baking","jistresdidit",1761185009.0,0
1odr1i2,"Ukrainian pickles","sunyata98",1761184528.0,23
1odq7o2,"trader joe‚Äôs kosher dills","Septembers-Poor555",1761182115.0,12
1odq3y8,"Third Attempt at Sourdough Croissants","BreadTherapy",1761181808.0,318
1odq21f,"Was looking for hair dye‚Ä¶","AntiquePickleJuice",1761181652.0,2127
1odq1ri,"ü•í","prhmv",1761181630.0,422
1odpptn,"Sourdough Focaccia. How's it looking?","CrunchyNippleDip",1761180681.0,34
1odpnzx,"Whyyy","TakenUsername92",1761180544.0,5
1odpns0,"Substitue for Greek Thyme honey?","flatfeed611",1761180528.0,5
1odoy2t,"in desperate need of advice!!!","Ok-Put6902",1761178497.0,4
1odokbj,"Why do people use a stand mixer to make bread when it‚Äôs unnecessary?","Final_Affect6292",1761177442.0,0
1odnfeu,"Trying to make chile verde, will these peppers work?","Little_Life_9989",1761174383.0,5
1odmwm5,"Is this mold on my banneton cloth?","NoImNotStaringAtYour",1761173016.0,0
1odmon1,"Spicy dill pickle chicken tenders","Sweet_Bambii",1761172432.0,101
1odm56t,"Overnight rise?","Healthy_Chipmunk2266",1761171023.0,2
1odm05o,"First Time Making Bagels","llilith",1761170677.0,5
1odlpj2,"Bailey Inspired My Return to Office Badge Insert","feeen1ks",1761169955.0,117
1odlowg,"Mashed potatoes with pickle juice with cut up pickles","ConferenceNo8396",1761169911.0,64
1odlca0,"Beurre Manie Flour Substitute?","idbdisbana",1761169069.0,1
1odl2bu,"My first try, it‚Äôs perfect!","SoMuchEpic95",1761168398.0,195
1odl00s,"My mom‚Äôs raisin bread is having an existential crisis","NoStructure7083",1761168247.0,57
1odk99q,"Vlasic Kosher Dill Spears","writingforlife_",1761166492.0,17
1odk42y,"Bubbies Copy Cat Recipe","Vintage5280",1761166166.0,6
1odjth9,"Troubleshoot Gummy Candies","camel-case-sucks",1761165488.0,0
1odjrge,"I want a more open crumb","Additional-Neck-1093",1761165355.0,27
1odit9a,"bought ciabatta rolls yesterday. is this mold?","patootiessister",1761163213.0,4
1odilov,"What was the reason they released ‚ÄòAmanda‚Äôs Most Offline Moments‚Äô?","Mother_Adeptness5042",1761162737.0,37
1odie8o,"Deciding to go downstairs real quick with 5 minutes left was a bad idea","TheRealJehler",1761162272.0,867
1odi7xt,"Pretzel Buns w/ Lye - proofing after lye bath?","blazing_saddles_bro",1761161874.0,1
1odhx5t,"Bread and croutons","ynotfish",1761161196.0,7
1odhfgz,"Baked this today","Puzzleheaded-Name538",1761160088.0,19
1odh99c,"Tomorrow: Smosh Pit Theatre featuring the Trunk Boys, the gays, and Arasha!","Cchaps97",1761159705.0,592
1odgy5s,"Best focaccia yet","the_slovak",1761159027.0,87
1odgxlq,"How to keep mapo tofu thick on reheating?","moleasses",1761158994.0,4
1odgpy1,"Nailed it! Zero spills. Volume on for maximum satisfaction","therightpedal",1761158524.0,50
1odggi7,"Idk which one of you said this, but you're right","asexualrhino",1761157932.0,1011
1odfxii,"Ghost Sourdough & My First Stiff Starter Bake! üëªüçû","ashbakesstuff",1761156760.0,178
1odfmmy,"Should Sarah Whittle Be Allowed Online? | URL w/ Courtney Miller","Cchaps97",1761156089.0,393
1odfly8,"This is bad","steelcity2011",1761156052.0,135
1odfl2i,"I made a bread braid","Pinepple_juice",1761156005.0,3
1odevnf,"Peak addiction","Daff0dillydally",1761154475.0,35
1odevlj,"Smosh Reads Reddit Stories won a Bronze Signal Award and the Listener's Choice Award for Best Comedy Podcast","MursuKing1980",1761154472.0,152
1odek34,"Sun-dried Tomato with Asiago and Italian herb sourdough","Sad_Establishment673",1761153769.0,14
1ode3qa,"I want to use Smosh bits in my essay ü§≠","Street-Response2596",1761152769.0,0
1ode2cz,"How much fun would it be to play SDV with Smosh !!!","DancesWCoffee84",1761152690.0,2
1oddior,"The worst has happened.","salty-all-the-thyme",1761151525.0,73
1oddd4u,"Impressive","Jimmy_mo_",1761151185.0,195
1odcto9,"Got so annoyed watching the Ranking Sexy Monsters vid that I remade the tier list to get some real opinions instead","theHamJam",1761149990.0,205
1odbq9z,"What would you like to see smosh bring back?","NoName",1761147593.0,97
1odbnix,"I made my own 9/11 goof during Flip 7","the_otaku_mom",1761147425.0,29
1odb9eu,"Slowed Pesto & Mushroom","doughbruhkai",1761146567.0,230
1odavxx,"TIL you can use baking soda instead yeast to make bread","CorgiAble9989",1761145717.0,0
1odap1i,"Weekly /r/Breadit Questions thread","AutoModerator",1761145299.0,1
1oda31m,"Spooky sourdough","twisted_raspberry",1761143936.0,661
1od9u7i,"Pretzel Bread Epi","Red_Beard_Iowa",1761143376.0,196
1od7zlt,"Tourlami premium butter??","yagottabelieve1969",1761138967.0,1
1od7cdf,"I love this episode of Beopardy","Ok_War1210",1761137315.0,98
1od6wxf,"Help Please","happyrobotnoises",1761136184.0,0
1od68f4,"Not bread in the strictest sense, but homegrown!","ElectricalCupcake644",1761134298.0,22
1od60mx,"What is Shayne laughing at? Wrong answers only","eggsontheside",1761133654.0,991
1od5hre,"any way to rescue my probably-failed dough?","PriorEntrepreneur957",1761132005.0,2
1od5h8i,"Walmart Great Value bread price rose 25% overnight.","Okidoky123",1761131958.0,10
1od53rj,"Any way to save this soup pot","Keeweeqee",1761130764.0,1
1od5052,"Buttery Garlic Naan Bread","CapableMasterpiece43",1761130422.0,158
1od4rnf,"My day is ruined","tman138",1761129618.0,17
1od4mhq,"Donation ideas","Royal_Olive9948",1761129111.0,105
1od3rdk,"I tried Van Holten‚Äôs dill pickle and I‚Äôm so disappointed","brbaaaa",1761125982.0,15
1od3oic,"Happy Birthday Keith!","Cchaps97",1761125682.0,1438
1od3l8i,"People who make sourdough in India which flour do you use","UpsetDescription2285",1761125341.0,2
1od352z,"Smosh blowing up has to be awesome for the OG Crew","JakeHeckmango",1761123640.0,41
1od2qf0,"Where do I start with SSG???","MidUser3001",1761122038.0,0
1od2i57,"My second focaccia bread","Jhonny_Crash",1761121141.0,19
1od264t,"Spiced Dough Ideas?","Lartizan",1761119830.0,2
1od24jy,"oven recommendations","xmpratik",1761119656.0,1
1od1kto,"Vampire cat üêà sourdough","Punch01coral",1761117499.0,7
1od12c6,"Review of a kneading/leavening/dough maker","ConstructionSafe2814",1761115560.0,14
1od0tpt,"Early Smosh was Emo as hell","Safe-Driver-2232",1761114649.0,4
1oczqnx,"Is sourdough recipe all the same?","Individual_Leg8553",1761110653.0,0
1oczj3c,"I think there is something wrong in my French bread recipe","GryphonOsiris",1761109912.0,2
1oczhwh,"Odd question","Ecstatic_Anteater_59",1761109799.0,23
1ocz8r9,"Shayne‚Äôs Mullet was Goated","No-Blueberry4158",1761108939.0,708
1ocyrbd,"First foccaccia - roast potato & garlic, jalape√±o, red bell, pepperoni, Parmigiano","cortes272",1761107292.0,3
1ocyqbc,"I‚Äôm back no more split","NoName",1761107204.0,89
1ocymdk,"An AI powered sandwich loaf","Hodmimir",1761106844.0,0
1ocy47w,"Pickle mural WIP. Someone walked by and said ‚Äúwhat the fuck‚Äù then they noticed me looking at it from afar and was like ‚Äúgreat job!‚Äù üòÇ im gonna be forever laughing about that","lanette-",1761105285.0,74
1ocy3ty,"Klobasniky for breakfast tomorrow (and chef snack tonight)","aevyian",1761105251.0,21
1ocxrs1,"Sourdough's ready","BRBInvestments",1761104231.0,26
1ocxer1,"Tuesday night Boule.","Dry_Traffic7330",1761103132.0,16
1ocwoy3,"How do I get rid of mass amounts of liquid sugar ?","thememekingofky",1761101013.0,199
1ocwke6,"What Monsters do y'all think they should have included?","myfrecklesareportals",1761100644.0,24
1ocwf0s,"Is lard ok to use for bread?","Jason_VanHellsing298",1761100204.0,1
1ocwbpc,"First time making bread!","the_cooler_d_strider",1761099927.0,13
1ocvuyf,"My Smosh 20 Year TikTok","MrSean64",1761098564.0,4
1ocvduw,"Does anyone else miss Jackie?","Legitimate_Exam3023",1761097208.0,646
1ocuwxp,"Would my high school students get it if I went as The Chosen for Halloween?","Samuelabra",1761095861.0,40
1ocue12,"Is the paranormal activity in ‚ÄúOvernight at Smosh‚Äù real?","Looneyannabeth",1761094409.0,0
1octt0g,"Sticky crumb - normal??","halfpastsixbakes",1761092792.0,179
1octso0,"Vollkornbrot is awesome!","schmorgass",1761092766.0,44
1octksj,"Einkorn wheat in the Lodge","rtice001",1761092164.0,2
1oct7b5,"This is my quick whole wheat sandwich bread","Traditional_Rip6196",1761091133.0,7
1ocsu8v,"Storing bread","DesolatedHaze",1761090151.0,1
1ocskas,"White (Hoagie?) Bread (500g 80% Hydration 5% Sugar 1% Yeast)","FaithKneaded",1761089410.0,25
1ocshhk,"The cast of the next We're All Gonna Die revealed","Relevant_Shame",1761089193.0,486
1ocryh0,"‚ÄúHe‚Äôs probably out cheating‚Äù","Cchaps97",1761087795.0,437
1ocrxg2,"My bread with za'atar spices, it's one of the most delicious breads ever imo. That spice mix is amazing.","Fairy2play",1761087719.0,54
1ocrlyz,"is this what they mean by big bubble focaccia","deaniebeanieweenie",1761086911.0,249
1ocrc5t,"ü•ñ The Honey-Oil Country Loaf | 72-Hour Cold Ferment | My Method, My Way","Badger8Mushroom2",1761086224.0,36
1ocr52p,"First sourdough bake (failure)","kakardo",1761085727.0,12
1ocqkil,"Update to my cat eating my loaf","SoftyUnhinged",1761084328.0,549
1ocqh65,"ranking our crew‚Äôs monster crushes: some additional monsters :)","boobiebenster",1761084103.0,20
1ocqc94,"How to make the crust of (colored) baguettes not brown at all","Sad_Highway1892",1761083770.0,0
1ocq5au,"Bread coming out hard and bland","Necessary-Cause3516",1761083310.0,0
1ocq2xg,"Sausage Pull Apart","Rough_andReadyBaking",1761083150.0,2
1ocom75,"SMOSH HALLOWEEN HEIST","Suspicious-file-12",1761079747.0,30
1ocny2d,"Trying it out","ArcticShamrock",1761078205.0,2
1ocnxed,"Pickled onions today!!","No-Mongoose-7450",1761078166.0,89
1ocnaty,"What if The Substance was just Guinness?","Living-Mastodon",1761076792.0,358
1ocnamg,"tommy likes turtles","deadstillpretty",1761076779.0,236
1ocn3cf,"Are these cukes good for pickles?","Trixie-Dixie",1761076326.0,102
1ocmizv,"Bagels - 1st batch vs 2nd batch","four12pls8",1761075061.0,5
1ocmfzg,"Is Tommy an actor?","Serious-Dust-1162",1761074872.0,96
1ocmce3,"I love the simplicity of a cottage loaf!","SnooHedgehogs4653",1761074646.0,48
1ocmbxw,"PSA: It‚Äôs okay to brain fart","Stunning_Analysis361",1761074619.0,0
1ocmb8m,"Best thickener substitute for corn starch","spirit_of_a_goat",1761074576.0,38
1oclrp9,"No new upload tomorrow, but exciting things to come!","Cchaps97",1761073366.0,1231
1oclnxx,"TNTL - Break Room Challenge","Simhera",1761073146.0,24
1oclas0,"Tried a new shape, the shaping could use some help next time","Vegetable-Housing393",1761072350.0,13
1ockj78,"My cat ate my loaf","SoftyUnhinged",1761070641.0,720
1ockgfy,"What is this gray stuff in ground pork shoulder?","2Small2Juice",1761070479.0,4
1ocixz3,"Looking to upgrade to a KitchenAid...but which one?","BritishBlue32",1761067135.0,4
1ociq9g,"Proof or Pullman issues?","zer0ace",1761066649.0,5
1ocikz5,"I miss Barb Ross (short for Barbed Wire Restricted Area)","OleoPoundMell",1761066309.0,287
1ocihcc,"Ranking Our Crew's Monster Crushes","Cchaps97",1761066075.0,219
1ochsc0,"This keeps on happening to me. Did anyone experience something like this?ü§∑üèΩ‚Äç‚ôÇÔ∏è","Jimmy_mo_",1761064504.0,75
1ochgc3,"onion & poppy star bread","treebeetees",1761063743.0,53
1ochdk9,"Too much chocolate in pumkinchili, how can I save it?","SafithDophor",1761063570.0,0
1ochcrc,"It's that time again!","whatsthew3rd",1761063520.0,16
1ochc89,"I did it again but I put Angela in a song","4Eyez_z",1761063485.0,40
1ocgskv,"Thoughts?","sprinkleddonuts96",1761062274.0,4
1ocgmzx,"The chosen goes to universalüòé","Temporary_Poem_",1761061920.0,2211
1ocglab,"My first two loaves of ‚Äúreal‚Äù bread","boozelet",1761061813.0,39
1ocgaxl,"Need help scaling up candied walnut production ‚Äî oil cools too fast, coating turns dull","gunesbakircioglu",1761061152.0,5
1ocfbqb,"Keeping chocolate at working temperature","hardk7",1761058909.0,1
1ocf9w1,"Flabby fish skin","tomswede",1761058800.0,9
1ocf1qs,"This is the way","LunchPocket",1761058277.0,5
1ocedxb,"Tomato Basil","pokermaven",1761056717.0,6
1ocecwy,"Bread I made earlier in the morning","Jason_VanHellsing298",1761056648.0,15
1ocecg6,"Never thought I could do something like this, thanks for the inspo Breadit","fitzbuhn",1761056617.0,93
1oceaoa,"How to toast bagels on a food truck?","Reasonable_Ask2947",1761056494.0,0
1oce4md,"First time Focaccia","Latter-Inspection-56",1761056089.0,1169
1ocdi5p,"Keeping sushi rolls fresh","dogs_and_sloths",1761054612.0,17
1occzha,"This is what happened when i tried applying an egg glaze to a dough after it started baking","thelovingentity",1761053343.0,17
1occem0,"Everyone knows about Shayne as Booster Gold, but hear me out on Shayne as Grifter","Ok_Squirrel_1534",1761051884.0,240
1ocbjni,"Buying a Famag mixer in the UK help","Implicitdemands",1761049590.0,1
1ocatbk,"Need help diagnosing my tough crust snd gummy crumb! üôè","OutrageousDot7353",1761047459.0,54
1oc908l,"researched podcasts for college and you guys know I had to..","_sabrinaslvr",1761041383.0,65
1oc8hc3,"Butter-Pasta Water Emulsion","Open_Connection2528",1761039466.0,10
1oc7o60,"First attempt at brioche","theycallmethebraeez",1761036297.0,298
1oc6xbu,"Recent obsession with salted butter rolls","Wild_Product_160",1761033319.0,12
1oc6ods,"Winter Content Push","Puzzleheaded_Comb465",1761032301.0,14
1oc5ylu,"My 80% hydration loaf","NoobMaster1313",1761029523.0,4
1oc5sru,"Has any one from India purchased merch ?","Notmuggleborn",1761028912.0,7
1oc4usl,"Forget the Bakery. This No-Knead Baguette Changed My Weekend #baking #baguette","bread__obsessed",1761025428.0,1
1oc47lp,"Hydration issue?","One-Active8023",1761023184.0,2
1oc42u5,"absolute failure.","PhotographJealous382",1761022746.0,0
1oc3xnt,"Sweet Pickles are my fave so this is heaven to me","ChrissyBrown1127",1761022255.0,72
1oc3n2a,"Duck Confit","Elementary_7",1761021254.0,14
1oc3dmp,"My fianc√© got a ‚ÄúWhat I love about you‚Äù book to fill out and I‚Äôm appalled. ü´£","GV302",1761020378.0,151
1oc3d2p,"Can I eat the pomegranate seeds that float to the top? Why are some of the bad seeds at the bottom of the water if it‚Äôs recommended to eat the ones that sink?","bigwideandblue",1761020327.0,0
1oc2tsq,"Guess what the ranking system was","sleepyman691",1761018605.0,1682
1oc2oyp,"bad night at work? come home and make bread dummy","evillalafell",1761018184.0,92
1oc2as4,"Recipe for white bread in bread maker. I made a 2lb loaf","Darkestman817",1761016984.0,3
1oc1yum,"First time to make a pan bread","AnyExplorer9544",1761015995.0,44
1oc1qa7,"Sourdough bread","Zealousideal_Force_0",1761015295.0,7
1oc1m8w,"i enjoyed the marble video. however","ensomn",1761014975.0,505
1oc1jy0,"Spent the day sick in bed and making bread!","Bleachspider",1761014791.0,3
1oc1d52,"Trying to troubleshoot chocolate tempering","soggypenny",1761014238.0,9
1oc12ar,"They Look Perfect‚Ä¶ But I Regret Making Them üòÖ (ASMR Baking)","bread__obsessed",1761013368.0,2
1oc0y6t,"help!","Myfurrypaw",1761013049.0,1
1oc0x8i,"Challah split ?","NoName",1761012971.0,78
1oc0hid,"Help with my steamed buns","mdreig",1761011715.0,2
1oc0foa,"Help with my steamed buns","mdreig",1761011570.0,1
1oc05j6,"Can we have a SmoshMouth episode about voice acting?","uhhhidkwhatusername",1761010777.0,65
1oc009s,"Went ahead and fixed the tier list","Hefty-Flight2592",1761010351.0,1824
1obzn5p,"What bread is this?","hereisalex",1761009356.0,21
1obzn55,"Drine brining questions","CrazyInspection395",1761009355.0,2
1obza3o,"Pretzel Bites","MrSchmegeggles",1761008348.0,175
1obyuk3,"Made my Cajun rice too spicy","slayemk7",1761007166.0,0
1obyqd7,"Trying to properly seer skinless fish","currythedinosaur",1761006836.0,0
1obyp4p,"Another Tawrnofski Rye","jgvania",1761006738.0,7
1obynzg,"Never Knew I‚Äôd Need a Vacuum","ParticularSupport598",1761006650.0,23
1obxz6t,"The Thumbnail Photos from the new Bit City","Pale_Purple5055",1761004777.0,1100
1obxoyh,"My smosh cast tier list on how much i personally like each member.","Sufficient_Pay_7278",1761004006.0,0
1obxff1,"Baby Sourdough loaves","BaileeBee69",1761003266.0,3852
1obxceo,"Turned out perfect","Darkestman817",1761003035.0,78
1obx8pi,"Couple loaves of deli rye to get me through the week","kargzzz",1761002750.0,55
1obx4f2,"First baguettes attempt","dealers_choice",1761002437.0,5
1obwyb0,"First Ciabatta","Sir_Topham_Kek",1761001999.0,48
1obwuz4,"Need more rise!","myuzejuk",1761001751.0,1
1obw4hj,"Haha","ExperienceNecessary",1760999884.0,0
1obvrei,"Ha ha, karma","crazytallmusicman",1760998986.0,271
1obvo0k,"Bread Maker","Darkestman817",1760998755.0,4
1obvcv8,"Second Try and Much Improved!","TerminalDeviant",1760997989.0,6
1obv3x5,"I did it!!","FaithRestored33",1760997388.0,53
1obuzrh,"Recently got back into bread baking! This is probably my best work yet, still trying to figure out how to open the crumb more. 30% whole wheat, 75% hydration","TheFuzzyOne1214",1760997096.0,18
1obuxj1,"For those who watch Smosh and know no other person who does","earth_to_ren",1760996948.0,84
1obupwd,"I need help with temp/time please!","Next-Cut-2996",1760996448.0,2
1obud18,"Vinegar Taste","Sin2Win_Got_Me_In",1760995616.0,4
1obucw5,"What would The Chosen‚Äôs Digimon Crest be?","Kymerah_",1760995606.0,5
1obucnv,"Getting there","BroodyMcDrunk",1760995591.0,10
1obtsna,"How to prevent the cracks?","cybertrickk",1760994305.0,2
1obth8k,"Mini French Monday","RoninKillz",1760993610.0,20
1obt4no,"Things I Learned From Smosh","No_Fault_5646",1760992830.0,441
1obsz9g,"Favourite part of Summer Games","Damp_poptart22",1760992488.0,315
1obsspf,"Walmart Dill Pickle Cream Cheese","Excellent_Regret4141",1760992081.0,35
1obssip,"Please tell me why my bread is sticky on the inside.","This-Interview-1313",1760992068.0,0
1obss6d,"S‚Äômores YEAST bread","Bright-Impression-96",1760992049.0,2
1obsrh0,"Hoagie Rolls and Sandwich Bread","llilith",1760992005.0,42
1obsqm4,"Sarah Whittle on URL Wednesday! (via SmoshAlike instagram)","Cchaps97",1760991950.0,678
1obsdgw,"Today‚Äôs effort. I‚Äôve made some headway!","NoBeeper",1760991146.0,18
1obsac8,"Mashed potatoes have lots of tiny lumps when using a ricer?","KatieAsksQuestions",1760990955.0,3
1obrcup,"First attempt with sourdough starter üçûüíñ","selenebells",1760988913.0,6
1obrb2q,"I made some buttery flakey southern buttermilk biscuits (w/ recipe)","I_Like_Metal_Music",1760988803.0,42
1obr3wy,"Crumb read?","BrinasBakery",1760988363.0,21
1obqk8q,"Garlic bread","parchmentandpencils",1760987138.0,15
1obqjgo,"Tomorrow, a tier list about MONSTERS","Cchaps97",1760987088.0,30
1obqc69,"Petition for Smosh to reach out to Alveus Sanctuary for a Smosh Mouth episode.","wow_theres_bees",1760986641.0,647
1obq0li,"Which flour should I use for English Muffins?","Emmy-Lou-Sugarbean",1760985911.0,1
1obpbtx,"Been enjoying making SD bagels lately","Shalynhuetter",1760984148.0,211
1obod7a,"Edward & Jacob Pogo (Damien and Shayne)","jrose311",1760981596.0,36
1obnusl,"Trevor and Shayne, the underrated duo‚ú®","Jimmy_mo_",1760980191.0,628
1obnrpq,"the laughest laugh ever laughed, i can't get over it","W0MB4T_24",1760979954.0,78
1obls95,"Been refining my lean 100% whole wheat recipe, it's good but the top usually detaches.","pipnina",1760974310.0,1
1obk3ii,"Made pao de queijo (Brazilian cheese bread) for a Brazilian themed dinner - perfectly chewy & cheesy üòã","coffeebreadandsun",1760969775.0,12
1objvnc,"I made high protein bagels!","proteindeficientveg",1760969201.0,4
1obixoy,"cold fermented 70% hydration focaccia!","shekhsspeare",1760966758.0,50
1obip2w,"Brioche ""Chocolate"" Rolls","honeymuffin33",1760966103.0,13
1obi0wg,"Smosh big laughs","jozziiieeee",1760964230.0,24
1obhop3,"Eat It or Yeet it thoughts","ShortNeedleworker427",1760963245.0,0
1obhm00,"pickle jar/ watercolor painting/ by me","studioleewolf",1760963027.0,220
1obh0kr,"Shokupan crumb shot (no tangzhong/yudane or butter)","VincentVan_Dough",1760961265.0,81
1obgxrn,"First time making a more rustic loaf like this. I‚Äôm not thrilled with my scoring but it was my first time and the bread still looks good so I‚Äôm excited!","-Constantinos-",1760961031.0,7
1obgays,"Easy Shokupan (no tangzhong, yudane or butter)","VincentVan_Dough",1760959029.0,258
1obfoeb,"Dixon cider CD","Life-Boysenberry-530",1760954160.0,1
1obdisp,"Pullman Loaf Fail!","another_coffee_shot",1760945055.0,8
1obcgxf,"Pickle pretzel sticks","ewokling",1760941015.0,24
1obce6a,"Was Jackie's show satire gone wrong? /gen","Charming-Army-6068",1760940721.0,9
1obc59v,"Anyone use only a Steel and steam when baking Sourdough?","Bigspoonzz",1760939804.0,5
1obc0ff,"Garlic confit oil in focaccia","Asdfghjkl_qwerty1234",1760939292.0,2
1obbgga,"Amanda's Voice in a Miralax Commercial","turnthenipple",1760937265.0,24
1obb7wp,"Weekly Ask Anything Thread for October 20, 2025","AutoModerator",1760936449.0,3
1obauu6,"here me out... Smosh customize cars for a video","TOVILIAN",1760935245.0,8
1obaue3,"Realm Network","One_Percentage2706",1760935210.0,15
1obam0d,"Maple pecan sourdough","SethH1979",1760934562.0,38
1obac35,"Back after a break","stringsandtape",1760933717.0,5
1oba3zs,"Butcherie 101","AutoModerator",1760932969.0,9
1ob9mrk,"First time doing a babka. Went with chocolate","Timmerdogg",1760931487.0,39
1ob9it0,"Bread was softer and more gooey than expected","the22ndgamer006",1760931153.0,4
1ob9gsh,"Existential dread bread.","Hot_Butterscotch2128",1760930982.0,21
1ob8e57,"What is the benefit of a cartouche over a lid?","WestBrink",1760927727.0,48
1ob87ms,"Advice on texture","Zealous_Sparrow",1760927181.0,1
1ob7s96,"Brioche loaves plus some cheese curds in one of them.","Hunter7476",1760925911.0,19
1ob7n6o,"WHY ARE THEIR NO ANTHONY SCENEPACKS","love_sickloser",1760925488.0,0
1ob7gja,"Would u go to prom with Angela?","4Eyez_z",1760924916.0,154
1ob73rh,"Gluten intolerant and another surgery recovery means a bake and freeze day","RattieMattie",1760923847.0,3
1ob72eg,"How does one start baking bread?","Apart_Try_4860",1760923742.0,0
1ob6z9t,"Einkorn sourdough","ArietoSuperne",1760923490.0,3
1ob6t89,"Baking day. First time with sourdough, and some focaccia","jeffh40",1760922997.0,41
1ob6oy2,"I cannot, for the life of me, correctly make this 4 ingredient bread","bootytimesten",1760922643.0,2
1ob6dqq,"Second Loaf! Feedback?","NecessaryWide6791",1760921734.0,3
1ob5ydt,"I‚Äôd love to see the current smosh crew react to the sex ed rocks video","TheCruelHand",1760920466.0,0
1ob5gme,"Broudest Boule Yet!","North-Ad8730",1760919113.0,11
1ob5a0z,"Took a little cajun side mission","jdmjaydc2",1760918646.0,24
1ob50ep,"I tried drawing Shayne from a random thumbnail..","Ok_Attempt3070",1760917965.0,95
1ob4sed,"First Time making Bannana Bread","lemoninpasta",1760917342.0,13
1ob4qgr,"Bread","Hxcsquatch",1760917193.0,5
1ob4n3x,"Homemade ‚Äúeverything‚Äù pretzels","mysillyyum",1760916943.0,720
1ob4gbi,"Crumb read?","BrinasBakery",1760916425.0,17
1ob42jw,"First Time Making Bagels","KaijuTia",1760915400.0,9
1ob3wgz,"I've had this meme in my head since the Smoshminster Dog Show, it just took me a while to find the image to make the meme.","ejaybugboy3",1760914933.0,855
1ob2tdm,"Homemade pretzels","Unique-Point-8818",1760912067.0,10
1ob2eav,"Cinnamon raisin sourdough bread üçá","cherrylama",1760911017.0,5
1ob27ho,"My first loaf","ascepanovic",1760910551.0,80
1ob1dbe,"Feels a bit weird whenever the current cast plays a game the old cast did. Is that just me?","Jorpda",1760908489.0,21
1ob17pc,"Today, Jackie shared on Instagram that she‚Äôs been reminiscing about Smosh.","Suitable-Patience690",1760908117.0,3412
1ob17lz,"French Onion Soup Bread","garlicbread_head",1760908112.0,19
1ob14hb,"Lazy‚Ä¶erm, I mean efficient person‚Äôs yummy cinnamon ‚Äúrolls‚Äù‚Ä¶.(and by ‚Äúrolls‚Äù I mean focaccia)","NowYouLookOrdinary",1760907905.0,6
1ob13yv,"Our bread for the week","psipolnista",1760907871.0,8
1ob0vc3,"Pizza is basically bread right?üçï","Faihus",1760907308.0,26
1ob0nzz,"Shamien Show","ScrapsOnScraps",1760906816.0,59
1ob0mlc,"describe the perfect Apple Cider Donut","Orbseer-333-CE5",1760906723.0,0
1ob0eu7,"Help me recreate this pickle please!","bloatis",1760906212.0,29
1ob0bz7,"One of my baguettes split along the seam, but I'm not even mad because LOOK AT THOSE BLISTERS!!","TheRemedyKitchen",1760906024.0,30
1ob01t3,"Sourdough","BCJ_Eng_Consulting",1760905354.0,2
1oazzr6,"My neighbors a wonderful baker.","Remotely-Indentured",1760905221.0,6
1oazzht,"Right in the nostalgia","crazytallmusicman",1760905205.0,529
1oazww8,"Accidentally made sourdough weapons","ur_ynome",1760905036.0,171
1oazrtl,"My dog when I open a bag of chips from across the house","Same-Criticism-6109",1760904704.0,178
1oazq0b,"Use for Chia seeds in baking?","NowYouLookOrdinary",1760904583.0,42
1oazhbg,"Courtney is the official Labubu dealer of Smosh (from Aurora Matrix‚Äôs IG stories)","G_WN",1760904034.0,107
1oazgln,"Finally, I can post on here.","BigDaddysenpi4438",1760903992.0,89
1oaz9nu,"Jalape√±o Cheddar Sourdough","Ful_Moon",1760903530.0,5
1oaz87r,"Just a simple loaf of sourdough","Interesting-Cow8131",1760903439.0,8
1oaz6g5,"I‚Äôm making a pickle mural - what should the words on it say?? 1) you‚Äôre kind of a big dill 2) we‚Äôll dill with this together 3) I love dilling with you, 4) we‚Äôre kind of a big dill","lanette-",1760903322.0,61
1oaz61j,"First attempt at a braided loaf","Panda-pot-pie",1760903296.0,1795
1oayz2c,"Grilled cheese with pickles is the way","laterdude",1760902837.0,483
1oaytsu,"Is There Anything as Satisfying","KaijuTia",1760902493.0,81
1oayr21,"Finally got around to watching the new bit city episode and this photo is frying me","Still_Wandering_",1760902314.0,872
1oayqyl,"I normally love these, but this batch just tastes like straight garlic","Newspaper-Historical",1760902308.0,47
1oayiye,"Hello Reddit","didepa",1760901790.0,1158
1oay4o4,"First time baking Bread","Frankierocksondrums",1760900849.0,15
1oaxz83,"Smosh Mouth tomorrow: the return of The Damien & Shayne Show!","Cchaps97",1760900501.0,1180
1oaxsch,"My new favorite sandwich bread","belletristdelancret",1760900063.0,29
1oaxk26,"3rd attempt at croissants!","lanetheginger",1760899532.0,694
1oaxjtj,"3rd attempt at croissants!","lanetheginger",1760899517.0,5
1oaxfo8,"Chance and their comeuppance lol","L0ST_N0UN",1760899240.0,103
1oaxf9h,"Soft, warm and dangerously goodü§é","Imaginary-West3366",1760899215.0,535
1oaxa8t,"First post, garlic bread experiments to be able to scale up in kitchen","RadiantHelio",1760898897.0,3
1oax5ql,"What are your favorite gas leak videos/moments? I‚Äôve been loving all the gas leak content lately!","Potatolord50",1760898615.0,3
1oawxnz,"Disappearing Card","Bright_Sympathy_2589",1760898096.0,10
1oawdl7,"Nice to see this reposted by Courtney & Damien","alexcookeee",1760896831.0,1543
1oavujw,"bit city posters i made recently.","bacargevela",1760895599.0,2097
1oave0e,"Improve Thickness of NB Oreo Pie","ScooperJones",1760894529.0,14
1oavaji,"Flip 7","SorbetThese5116",1760894303.0,42
1oauufp,"Stacking Wonky Style","Cchaps97",1760893252.0,58
1oauof6,"First Post on r/Breadit! Need Tips to improve","Mysztowor",1760892859.0,3
1oaunqi,"Smosh summer games 05","Twhalen23",1760892813.0,14
1oaufdp,"Help with crust","Winter-Cockroach5044",1760892262.0,2
1oau6l5,"The fact that her husband is in one of these photosüò≠‚ú®","Jimmy_mo_",1760891689.0,4294
1oat0uc,"Over, Under or Just Right?","NoBeeper",1760888952.0,15
1oasph2,"How did I do?","notabili",1760888208.0,23
1oasf31,"ugly and crownchy at the same time","Rumi4",1760887515.0,42
1oaseky,"ugly and crownchy at the same time","Rumi4",1760887482.0,28
1oas4fw,"I saw Amanda at the No Kings Protest yesterday üíú","Green-Ad99",1760886806.0,4781
1oarbs2,"Feedback","alrxd",1760884841.0,6
1oar4pl,"I made some bread (brioche)","alvaraa",1760884347.0,78
1oaqclp,"BakerMaker Weekend Update: Product Images & Smart Scheduling","biokys",1760882374.0,0
1oaq7pk,"Milk Bread with Whipped Brown Butter & Onion Jam","Hai_Cooking",1760882013.0,303
1oapzin,"Meme drop! Shourtney Coded.","ScrapsOnScraps",1760881407.0,203
1oapcy2,"FIRST LOAF EVER! Better and easier than I expected, never going to buy bread again!","Sim-Alley",1760879691.0,37
1oapajf,"She's beautiful","battleshipcarrotcake",1760879503.0,6
1oaovbh,"Can I swap pans for the oven portion of braising?","Malphos101",1760878321.0,2
1oao2fh,"Testing out the new oven and loving it","velvetduvetcover",1760875931.0,6
1oao1wh,"Testing out the new oven and loving it","velvetduvetcover",1760875886.0,107
1oanzos,"1/3 hotel pan pain de mie","mspresque",1760875693.0,2
1oan8dy,"Gif drop! Angela coded!","ScrapsOnScraps",1760873169.0,51
1oam7gj,"Sucuk in sucuk yumurta always ends up a bit burnt","sovietarmyfan",1760869509.0,1
1oam0fy,"Sourdough Focaccia Pizza","nowunoe",1760868755.0,11
1oal8ub,"What's another interest or media of yours (besides Smosh) that you are SURE that a lot of other Smosh fans share with you? (e.g. Dropout, Starkid, theater, and improv)","waitforthedream",1760865826.0,78
1oakawj,"Trouble with pan-seared salmon","middleupperdog",1760862107.0,22
1oajme1,"The Chosen vs Chosen Battle tonight","Loose_Ad2201",1760859444.0,50
1oajf7w,"Seen this online üòÇ","This_Fkn_Guy_",1760858670.0,461
